id,vh_sequence,vl_sequence,elisa_flags,total_flags,flag_category,label,flag_cardiolipin,flag_klh,flag_lps,flag_ssdna,flag_dsdna,flag_insulin,flag_bvp,flag_self_interaction,flag_chromatography,flag_stability,model_prob,model_pred,in94
abituzumab,QVQLQQSGGELAKPGASVKVSCKASGYTFSSFWMHWVRQAPGQGLEWIGYINPRSGYTEYNEIFRDKATMTTDTSTSTAYMELSSLRSEDTAVYYCASFLGRGAMDYWGQGTTVTVSS,DIQMTQSPSSLSASVGDRVTITCRASQDISNYLAWYQQKPGKAPKLLIYYTSKIHSGVPSRFSGSGSGTDYTFTISSLQPEDIATYYCQQGNTFPYTFGQGTKVEIK,0,0,specific,0.0,0,0,0,0,0,0,0,0,0,0,0.491813952551115,0,True
abrilumab,QVQLVQSGAEVKKPGASVKVSCKVSGYTLSDLSIHWVRQAPGKGLEWMGGFDPQDGETIYAQKFQGRVTMTEDTSTDTAYMELSSLKSEDTAVYYCATGSSSSWFDPWGQGTLVTVSS,DIQMTQSPSSVSASVGDRVTITCRASQGISSWLAWYQQKPGKAPKLLIYGASNLESGVPSRFSGSGSGTDFTLTISSLQPEDFANYYCQQANSFPWTFGQGTKVEIK,0,0,specific,0.0,0,0,0,0,0,0,0,0,0,0,0.16624136749165672,0,True
adalimumab,EVQLVESGGGLVQPGRSLRLSCAASGFTFDDYAMHWVRQAPGKGLEWVSAITWNSGHIDYADSVEGRFTISRDNAKNSLYLQMNSLRAEDTAVYYCAKVSYLSTASSLDYWGQGTLVTVSS,DIQMTQSPSSLSASVGDRVTITCRASQGIRNYLAWYQQKPGKAPKLLIYAASTLQSGVPSRFSGSGSGTDFTLTISSLQPEDVATYYCQRYNRAPYTFGQGTKVEIK,0,0,specific,0.0,0,0,0,0,0,0,0,0,0,0,0.12641671617985792,0,True
alemtuzumab,QVQLQESGPGLVRPSQTLSLTCTVSGFTFTDFYMNWVRQPPGRGLEWIGFIRDKAKGYTTEYNPSVKGRVTMLVDTSKNQFSLRLSSVTAADTAVYYCAREGHTAAPFDYWGQGSLVTVSS,DIQMTQSPSSLSASVGDRVTITCKASQNIDKYLNWYQQKPGKAPKLLIYNTNNLQTGVPSRFSGSGSGTDFTFTISSLQPEDIATYYCLQHISRPRTFGQGTKVEIK,0,0,specific,0.0,0,0,0,0,0,0,0,0,0,0,0.7767647603259333,1,True
alirocumab,EVQLVESGGGLVQPGGSLRLSCAASGFTFNNYAMNWVRQAPGKGLDWVSTISGSGGTTNYADSVKGRFIISRDSSKHTLYLQMNSLRAEDTAVYYCAKDSNWGNFDLWGRGTLVTVSS,DIVMTQSPDSLAVSLGERATINCKSSQSVLYRSNNRNFLGWYQQKPGQPPNLLIYWASTRESGVPDRFSGSGSGTDFTLTISSLQAEDVAVYYCQQYYTTPYTFGQGTKLEIK,0,0,specific,0.0,0,0,0,0,0,0,0,0,0,0,0.20609190018141588,0,True
anifrolumab,EVQLVQSGAEVKKPGESLKISCKGSGYIFTNYWIAWVRQMPGKGLESMGIIYPGDSDIRYSPSFQGQVTISADKSITTAYLQWSSLKASDTAMYYCARHDIEGFDYWGRGTLVTVSS,EIVLTQSPGTLSLSPGERATLSCRASQSVSSSFFAWYQQKPGQAPRLLIYGASSRATGIPDRLSGSGSGTDFTLTITRLEPEDFAVYYCQQYDSSAITFGQGTRLEIK,0,0,specific,0.0,0,0,0,0,0,0,0,0,0,0,0.3852471437385038,0,True
atezolizumab,EVQLVESGGGLVQPGGSLRLSCAASGFTFSDSWIHWVRQAPGKGLEWVAWISPYGGSTYYADSVKGRFTISADTSKNTAYLQMNSLRAEDTAVYYCARRHWPGGFDYWGQGTLVTVSS,DIQMTQSPSSLSASVGDRVTITCRASQDVSTAVAWYQQKPGKAPKLLIYSASFLYSGVPSRFSGSGSGTDFTLTISSLQPEDFATYYCQQYLYHPATFGQGTKVEIK,0,3,specific,0.0,0,0,0,0,0,0,1,1,1,0,0.5952402796688767,1,True
bapineuzumab,EVQLLESGGGLVQPGGSLRLSCAASGFTFSNYGMSWVRQAPGKGLEWVASIRSGGGRTYYSDNVKGRFTISRDNSKNTLYLQMNSLRAEDTAVYYCVRYDHYSGSSDYWGQGTLVTVSS,DVVMTQSPLSLPVTPGEPASISCKSSQSLLDSDGKTYLNWLLQKPGQSPQRLIYLVSKLDSGVPDRFSGSGSGTDFTLKISRVEAEDVGVYYCWQGTHFPRTFGQGTKVEIK,0,1,specific,0.0,0,0,0,0,0,0,0,1,0,0,0.47431890056939235,0,False
basiliximab,QVQLQQSGTVLARPGASVKMSCKASGYSFTRYWMHWIKQRPGQGLEWIGAIYPGNSDTSYNQKFEGKAKLTAVTSASTAYMELSSLTHEDSAVYYCSRDYGYYFDFWGQGTTLTVSS,QIVSTQSPAIMSASPGEKVTMTCSASSSRSYMQWYQQKPGTSPKRWIYDTSKLASGVPARFSGSGSGTSYSLTISSMEAEDAATYYCHQRSSYTFGGGTKLEIK,0,2,specific,0.0,0,0,0,0,0,0,0,1,1,0,0.689718986606023,1,False
bavituximab,EVQLQQSGPELEKPGASVKLSCKASGYSFTGYNMNWVKQSHGKSLEWIGHIDPYYGDTSYNQKFRGKATLTVDKSSSTAYMQLKSLTSEDSAVYYCVKGGYYGHWYFDVWGAGTTVTVSS,DIQMTQSPSSLSASLGERVSLTCRASQDIGSSLNWLQQGPDGTIKRLIYATSSLDSGVPKRFSGSRSGSDYSLTISSLESEDFVDYYCLQYVSSPPTFGAGTKLELK,0,2,specific,0.0,0,0,0,0,0,0,0,1,1,0,0.4732989231326868,0,False
belimumab,QVQLQQSGAEVKKPGSSVRVSCKASGGTFNNNAINWVRQAPGQGLEWMGGIIPMFGTAKYSQNFQGRVAITADESTGTASMELSSLRSEDTAVYYCARSRDLLLFPHHALSPWGRGTMVTVSS,SSELTQDPAVSVALGQTVRVTCQGDSLRSYYASWYQQKPGQAPVLVIYGKNNRPSGIPDRFSGSSSGNTASLTITGAQAEDEADYYCSSRDSSGNHWVFGGGTELTVL,6,8,non_specific,1.0,1,1,1,1,1,1,1,0,0,1,0.9648033675481951,1,False
benralizumab,EVQLVQSGAEVKKPGASVKVSCKASGYTFTSYVIHWVRQRPGQGLAWMGYINPYNDGTKYNERFKGKVTITSDRSTSTVYMELSSLRSEDTAVYLCGREGIRYYGLLGDYWGQGTLVTVSS,DIQMTQSPSSLSASVGDRVTITCGTSEDIINYLNWYQQKPGKAPKLLIYHTSRLQSGVPSRFSGSGSGTDFTLTISSLQPEDFATYYCQQGYTLPYTFGQGTKVEIK,0,1,specific,0.0,0,0,0,0,0,0,0,1,0,0,0.6127439381605918,1,False
bevacizumab,EVQLVESGGGLVQPGGSLRLSCAASGYTFTNYGMNWVRQAPGKGLEWVGWINTYTGEPTYAADFKRRFTFSLDTSKSTAYLQMNSLRAEDTAVYYCAKYPHYYGSSHWYFDVWGQGTLVTVSS,DIQMTQSPSSLSASVGDRVTITCSASQDISNYLNWYQQKPGKAPKVLIYFTSSLHSGVPSRFSGSGSGTDFTLTISSLQPEDFATYYCQQYSTVPWTFGQGTKVEIK,0,2,specific,0.0,0,0,0,0,0,0,0,0,1,1,0.4479298790421688,0,False
bimagrumab,QVQLVQSGAEVKKPGASVKVSCKASGYTFTSSYINWVRQAPGQGLEWMGTINPVSGSTSYAQKFQGRVTMTRDTSISTAYMELSRLRSDDTAVYYCARGGWFDYWGQGTLVTVSS,QSALTQPASVSGSPGQSITISCTGTSSDVGSYNYVNWYQQHPGKAPKLMIYGVSKRPSGVSNRFSGSKSGNTASLTISGLQAEDEADYYCGTFAGGSYYGVFGGGTKLTVL,0,4,specific,0.0,0,0,0,0,0,0,1,1,1,1,0.5404186083588688,1,True
blosozumab,QVQLVQSGAEVKKPGASVKVSCKVSGFPIKDTFQHWVRQAPGKGLEWMGWSDPEIGDTEYASKFQGRVTMTEDTSTDTAYMELSSLRSEDTAVYYCATGDTTYKFDFWGQGTTVTVSS,DIQMTQSPSSLSASVGDRVTITCKASQDVHTAVAWYQQKPGKAPKLLIYWASTRWTGVPSRFSGSGSGTDFTLTISSLQPEDFATYYCQQYSDYPWTFGGGTKVEIK,6,9,non_specific,1.0,1,1,1,1,1,1,1,1,0,1,0.1371046201967222,0,True
bococizumab,QVQLVQSGAEVKKPGASVKVSCKASGYTFTSYYMHWVRQAPGQGLEWMGEISPFGGRTNYNEKFKSRVTMTRDTSTSTVYMELSSLRSEDTAVYYCARERPLYASDLWGQGTTVTVSS,DIQMTQSPSSLSASVGDRVTITCRASQGISSALAWYQQKPGKAPKLLIYSASYRYTGVPSRFSGSGSGTDFTFTISSLQPEDIATYYCQQRYSLWRTFGQGTKLEIK,6,9,non_specific,1.0,1,1,1,1,1,1,1,1,1,0,0.5367918578304159,1,True
brentuximab,QIQLQQSGPEVVKPGASVKISCKASGYTFTDYYITWVKQKPGQGLEWIGWIYPGSGNTKYNEKFKGKATLTVDTSSSTAFMQLSSLTSEDTAVYFCANYGNYWFAYWGQGTQVTVSA,DIVLTQSPASLAVSLGQRATISCKASQSVDFDGDSYMNWYQQKPGQPPKVLIYAASNLESGIPARFSGSGSGTDFTLNIHPVEEEDAATYYCQQSNEDPWTFGGGTKLEIK,3,3,mild,,1,0,0,1,1,0,0,0,0,0,0.6302727368094617,1,False
briakinumab,QVQLVESGGGVVQPGRSLRLSCAASGFTFSSYGMHWVRQAPGKGLEWVAFIRYDGSNKYYADSVKGRFTISRDNSKNTLYLQMNSLRAEDTAVYYCKTHGSHDNWGQGTMVTVSS,QSVLTQPPSVSGAPGQRVTISCSGSRSNIGSNTVKWYQQLPGTAPKLLIYYNDQRPSGVPDRFSGSKSGTSASLAITGLQAEDEADYYCQSYDRYTHPALLFGTGTKVTVL,4,8,non_specific,1.0,1,0,0,1,1,1,1,1,1,1,0.2947033116284859,0,True
brodalumab,QVQLVQSGAEVKKPGASVKVSCKASGYTFTRYGISWVRQAPGQGLEWMGWISTYSGNTNYAQKLQGRVTMTTDTSTSTAYMELRSLRSDDTAVYYCARRQLYFDYWGQGTLVTVSS,EIVMTQSPATLSVSPGERATLSCRASQSVSSNLAWFQQKPGQAPRPLIYDASTRATGVPARFSGSGSGTDFTLTISSLQSEDFAVYYCQQYDNWPLTFGGGTKVEIK,1,1,mild,,0,0,0,1,0,0,0,0,0,0,0.6488990513684361,1,True
canakinumab,QVQLVESGGGVVQPGRSLRLSCAASGFTFSVYGMNWVRQAPGKGLEWVAIIWYDGDNQYYADSVKGRFTISRDNSKNTLYLQMNGLRAEDTAVYYCARDLRTGPFDYWGQGTLVTVSS,EIVLTQSPDFQSVTPKEKVTITCRASQSIGSSLHWYQQKPDQSPKLLIKYASQSFSGVPSRFSGSGSGTDFTLTINSLEAEDAAAYYCHQSSSLPFTFGPGTKVDIK,0,0,specific,0.0,0,0,0,0,0,0,0,0,0,0,0.22324872882525848,0,True
carlumab,QVQLVQSGAEVKKPGSSVKVSCKASGGTFSSYGISWVRQAPGQGLEWMGGIIPIFGTANYAQKFQGRVTITADESTSTAYMELSSLRSEDTAVYYCARYDGIYGELDFWGQGTLVTVSS,EIVLTQSPATLSLSPGERATLSCRASQSVSDAYLAWYQQKPGQAPRLLIYDASSRATGVPARFSGSGSGTDFTLTISSLEPEDFAVYYCHQYIQLHSFTFGQGTKVEIK,4,5,non_specific,1.0,0,0,1,1,1,1,1,0,0,0,0.62890070454997,1,False
certolizumab,EVQLVESGGGLVQPGGSLRLSCAASGYVFTDYGMNWVRQAPGKGLEWMGWINTYIGEPIYADSVKGRFTFSLDTSKSTAYLQMNSLRAEDTAVYYCARGYRSYAMDYWGQGTLVTVSS,DIQMTQSPSSLSASVGDRVTITCKASQNVGTNVAWYQQKPGKAPKALIYSASFLYSGVPYRFSGSGSGTDFTLTISSLQPEDFATYYCQQYNIYPLTFGQGTKVEIK,0,0,specific,0.0,0,0,0,0,0,0,0,0,0,0,0.2308548895650323,0,True
cetuximab,QVQLKQSGPGLVQPSQSLSITCTVSGFSLTNYGVHWVRQSPGKGLEWLGVIWSGGNTDYNTPFTSRLSINKDNSKSQVFFKMNSLQSNDTAIYYCARALTYYDYEFAYWGQGTLVTVSA,DILLTQSPVILSVSPGERVSFSCRASQSIGTNIHWYQQRTNGSPRLLIKYASESISGIPSRFSGSGSGTDFTLSINSVESEDIADYYCQQNNNWPTTFGAGTKLELK,0,0,specific,0.0,0,0,0,0,0,0,0,0,0,0,0.4131553129050482,0,True
cixutumumab,EVQLVQSGAEVKKPGSSVKVSCKASGGTFSSYAISWVRQAPGQGLEWMGGIIPIFGTANYAQKFQGRVTITADKSTSTAYMELSSLRSEDTAVYYCARAPLRFLEWSTQDHYYYYYMDVWGKGTTVTVSS,SSELTQDPAVSVALGQTVRITCQGDSLRSYYATWYQQKPGQAPILVIYGENKRPSGIPDRFSGSSSGNTASLTITGAQAEDEADYYCKSRDGSGQHLVFGGGTKLTVL,6,10,non_specific,1.0,1,1,1,1,1,1,1,1,1,1,0.8226817357670874,1,True
clazakizumab,EVQLVESGGGLVQPGGSLRLSCAASGFSLSNYYVTWVRQAPGKGLEWVGIIYGSDETAYATSAIGRFTISRDNSKNTLYLQMNSLRAEDTAVYYCARDDSSDWDAKFNLWGQGTLVTVSS,AIQMTQSPSSLSASVGDRVTITCQASQSINNELSWYQQKPGKAPKLLIYRASTLASGVPSRFSGSGSGTDFTLTISSLQPDDFATYYCQQGYSLRNIDNAFGGGTKVEIK,0,0,specific,0.0,0,0,0,0,0,0,0,0,0,0,0.20131820237148837,0,True
codrituzumab,QVQLVQSGAEVKKPGASVKVSCKASGYTFTDYEMHWVRQAPGQGLEWMGALDPKTGDTAYSQKFKGRVTLTADKSTSTAYMELSSLTSEDTAVYYCTRFYSYTYWGQGTLVTVSS,DVVMTQSPLSLPVTPGEPASISCRSSQSLVHSNRNTYLHWYLQKPGQSPQLLIYKVSNRFSGVPDRFSGSGSGTDFTLKISRVEAEDVGVYYCSQNTHVPPTFGQGTKLEIK,6,8,non_specific,1.0,1,1,1,1,1,1,1,0,0,1,0.4234131916134384,0,False
crenezumab,EVQLVESGGGLVQPGGSLRLSCAASGFTFSSYGMSWVRQAPGKGLELVASINSNGGSTYYPDSVKGRFTISRDNAKNSLYLQMNSLRAEDTAVYYCASGDYWGQGTTVTVSS,DIVMTQSPLSLPVTPGEPASISCRSSQSLVYSNGDTYLHWYLQKPGQSPQLLIYKVSNRFSGVPDRFSGSGSGTDFTLKISRVEAEDVGVYYCSQSTHVPWTFGQGTKVEIK,0,0,specific,0.0,0,0,0,0,0,0,0,0,0,0,0.3359667696675783,0,True
dacetuzumab,EVQLVESGGGLVQPGGSLRLSCAASGYSFTGYYIHWVRQAPGKGLEWVARVIPNAGGTSYNQKFKGRFTLSVDNSKNTAYLQMNSLRAEDTAVYYCAREGIYWWGQGTLVTVSS,DIQMTQSPSSLSASVGDRVTITCRSSQSLVHSNGNTFLHWYQQKPGKAPKLLIYTVSNRFSGVPSRFSGSGSGTDFTLTISSLQPEDFATYFCSQTTHVPWTFGQGTKVEIK,0,0,specific,0.0,0,0,0,0,0,0,0,0,0,0,0.741600641026036,1,True
daclizumab,QVQLVQSGAEVKKPGSSVKVSCKASGYTFTSYRMHWVRQAPGQGLEWIGYINPSTGYTEYNQKFKDKATITADESTNTAYMELSSLRSEDTAVYYCARGGGVFDYWGQGTLVTVSS,DIQMTQSPSTLSASVGDRVTITCSASSSISYMHWYQQKPGKAPKLLIYTTSNLASGVPARFSGSGSGTEFTLTISSLQPDDFATYYCHQRSTYPLTFGQGTKVEVK,1,1,mild,,1,0,0,0,0,0,0,0,0,0,0.33207479153848435,0,True
dalotuzumab,QVQLQESGPGLVKPSETLSLTCTVSGYSITGGYLWNWIRQPPGKGLEWIGYISYDGTNNYKPSLKDRVTISRDTSKNQFSLKLSSVTAADTAVYYCARYGRVFFDYWGQGTLVTVSS,DIVMTQSPLSLPVTPGEPASISCRSSQSIVHSNGNTYLQWYLQKPGQSPQLLIYKVSNRLYGVPDRFSGSGSGTDFTLKISRVEAEDVGVYYCFQGSHVPWTFGQGTKVEIK,5,8,non_specific,1.0,1,0,1,1,1,1,1,1,0,1,0.680715654865818,1,True
daratumumab,EVQLLESGGGLVQPGGSLRLSCAVSGFTFNSFAMSWVRQAPGKGLEWVSAISGSGGGTYYADSVKGRFTISRDNSKNTLYLQMNSLRAEDTAVYFCAKDKILWFGEPVFDYWGQGTLVTVSS,EIVLTQSPATLSLSPGERATLSCRASQSVSSYLAWYQQKPGQAPRLLIYDASNRATGIPARFSGSGSGTDFTLTISSLEPEDFAVYYCQQRSNWPPTFGQGTKVEIK,0,0,specific,0.0,0,0,0,0,0,0,0,0,0,0,0.5604792795304661,1,True
denosumab,EVQLLESGGGLVQPGGSLRLSCAASGFTFSSYAMSWVRQAPGKGLEWVSGITGSGGSTYYADSVKGRFTISRDNSKNTLYLQMNSLRAEDTAVYYCAKDPGTTVIMSWFDPWGQGTLVTVSS,EIVLTQSPGTLSLSPGERATLSCRASQSVRGRYLAWYQQKPGQAPRLLIYGASSRATGIPDRFSGSGSGTDFTLTISRLEPEDFAVFYCQQYGSSPRTFGQGTKVEIK,5,7,non_specific,1.0,1,1,0,1,1,1,1,1,0,0,0.37737888952067644,0,False
dinutuximab,EVQLLQSGPELEKPGASVMISCKASGSSFTGYNMNWVRQNIGKSLEWIGAIDPYYGGTSYNQKFKGRATLTVDKSSSTAYMHLKSLTSEDSAVYYCVSGMEYWGQGTSVTVSS,EIVMTQSPATLSVSPGERATLSCRSSQSLVHRNGNTYLHWYLQKPGQSPKLLIHKVSNRFSGVPDRFSGSGSGTDFTLKISRVEAEDLGVYFCSQSTHVPPLTFGAGTKLELK,0,1,specific,0.0,0,0,0,0,0,0,0,1,0,0,0.623049955329647,1,False
drozitumab,EVQLVQSGGGVERPGGSLRLSCAASGFTFDDYAMSWVRQAPGKGLEWVSGINWQGGSTGYADSVKGRVTISRDNAKNSLYLQMNSLRAEDTAVYYCAKILGAGRGWYFDYWGKGTTVTVSS,SELTQDPAVSVALGQTVRITCSGDSLRSYYASWYQQKPGQAPVLVIYGANNRPSGIPDRFSGSSSGNTASLTITGAQAEDEADYYCNSADSSGNHVVFGGGTKLTVL,0,2,specific,0.0,0,0,0,0,0,0,0,1,1,0,0.2847200648594964,0,False
duligotuzumab,EVQLVESGGGLVQPGGSLRLSCAASGFTLSGDWIHWVRQAPGKGLEWVGEISAAGGYTDYADSVKGRFTISADTSKNTAYLQMNSLRAEDTAVYYCARESRVSFEAAMDYWGQGTLVTVSS,DIQMTQSPSSLSASVGDRVTITCRASQNIATDVAWYQQKPGKAPKLLIYSASFLYSGVPSRFSGSGSGTDFTLTISSLQPEDFATYYCQQSEPEPYTFGQGTKVEIK,6,9,non_specific,1.0,1,1,1,1,1,1,1,1,1,0,0.373874765556604,0,True
dupilumab,EVQLVESGGGLEQPGGSLRLSCAGSGFTFRDYAMTWVRQAPGKGLEWVSSISGSGGNTYYADSVKGRFTISRDNSKNTLYLQMNSLRAEDTAVYYCAKDRLSITIRPRYYGLDVWGQGTTVTVSS,DIVMTQSPLSLPVTPGEPASISCRSSQSLLYSIGYNYLDWYLQKSGQSPQLLIYLGSNRASGVPDRFSGSGSGTDFTLKISRVEAEDVGFYYCMQALQTPYTFGQGTKLEIK,5,6,non_specific,1.0,0,1,1,1,1,1,1,0,0,0,0.45648604599500864,0,False
eculizumab,QVQLVQSGAEVKKPGASVKVSCKASGYIFSNYWIQWVRQAPGQGLEWMGEILPGSGSTEYTENFKDRVTMTRDTSTSTVYMELSSLRSEDTAVYYCARYFFGSSPNWYFDVWGQGTLVTVSS,DIQMTQSPSSLSASVGDRVTITCGASENIYGALNWYQQKPGKAPKLLIYGATNLADGVPSRFSGSGSGTDFTLTISSLQPEDFATYYCQNVLNTPLTFGQGTKVEIK,0,0,specific,0.0,0,0,0,0,0,0,0,0,0,0,0.44866951262023697,0,True
efalizumab,EVQLVESGGGLVQPGGSLRLSCAASGYSFTGHWMNWVRQAPGKGLEWVGMIHPSDSETRYNQKFKDRFTISVDKSKNTLYLQMNSLRAEDTAVYYCARGIYFYGTTYFDYWGQGTLVTVSS,DIQMTQSPSSLSASVGDRVTITCRASKTISKYLAWYQQKPGKAPKLLIYSGSTLQSGVPSRFSGSGSGTDFTLTISSLQPEDFATYYCQQHNEYPLTFGQGTKVEIK,0,0,specific,0.0,0,0,0,0,0,0,0,0,0,0,0.4291664503005878,0,True
eldelumab,QMQLVESGGGVVQPGRSLRLSCTASGFTFSNNGMHWVRQAPGKGLEWVAVIWFDGMNKFYVDSVKGRFTISRDNSKNTLYLEMNSLRAEDTAIYYCAREGDGSGIYYYYGMDVWGQGTTVTVSS,EIVLTQSPGTLSLSPGERATLSCRASQSVSSSYLAWYQQKPGQAPRLLIYGASSRATGIPDRFSGSGSGTDFTLTISRLEPEDFAVYYCQQYGSSPIFTFGPGTKVDIK,0,3,specific,0.0,0,0,0,0,0,0,0,1,1,1,0.17572250816415627,0,True
elotuzumab,EVQLVESGGGLVQPGGSLRLSCAASGFDFSRYWMSWVRQAPGKGLEWIGEINPDSSTINYAPSLKDKFIISRDNAKNSLYLQMNSLRAEDTAVYYCARPDGNYWYFDVWGQGTLVTVSS,DIQMTQSPSSLSASVGDRVTITCKASQDVGIAVAWYQQKPGKVPKLLIYWASTRHTGVPDRFSGSGSGTDFTLTISSLQPEDVATYYCQQYSSYPYTFGQGTKVEIK,0,0,specific,0.0,0,0,0,0,0,0,0,0,0,0,0.17758290805783195,0,True
emibetuzumab,QVQLVQSGAEVKKPGASVKVSCKASGYTFTDYYMHWVRQAPGQGLEWMGRVNPNRRGTTYNQKFEGRVTMTTDTSTSTAYMELRSLRSDDTAVYYCARANWLDYWGQGTTVTVSS,DIQMTQSPSSLSASVGDRVTITCSVSSSVSSIYLHWYQQKPGKAPKLLIYSTSNLASGVPSRFSGSGSGTDFTLTISSLQPEDFATYYCQVYSGYPLTFGGGTKVEIK,6,9,non_specific,1.0,1,1,1,1,1,1,1,1,1,0,0.5326395938483576,1,True
enokizumab,QVQLVQSGAEVKKPGSSVKVSCKASGGTFSYYWIEWVRQAPGQGLEWMGEILPGSGTTNPNEKFKGRVTITADESTSTAYMELSSLRSEDTAVYYCARADYYGSDYVKFDYWGQGTLVTVSS,DIQMTQSPSSLSASVGDRVTITCKASQHVITHVTWYQQKPGKAPKLLIYGTSYSYSGVPSRFSGSGSGTDFTLTISSLQPEDFATYYCQQFYEYPLTFGGGTKVEIK,0,2,specific,0.0,0,0,0,0,0,0,0,0,1,1,0.3809916053830148,0,False
epratuzumab,QVQLVQSGAEVKKPGSSVKVSCKASGYTFTSYWLHWVRQAPGQGLEWIGYINPRNDYTEYNQNFKDKATITADESTNTAYMELSSLRSEDTAFYFCARRDITTFYWGQGTTVTVSS,DIQLTQSPSSLSASVGDRVTMSCKSSQSVLYSANHKNYLAWYQQKPGKAPKLLIYWASTRESGVPSRFSGSGSGTDFTFTISSLQPEDIATYYCHQYLSSWTFGGGTKLEIK,1,1,mild,,1,0,0,0,0,0,0,0,0,0,0.5659897535166546,1,True
etrolizumab,EVQLVESGGGLVQPGGSLRLSCAASGFFITNNYWGWVRQAPGKGLEWVGYISYSGSTSYNPSLKSRFTISRDTSKNTFYLQMNSLRAEDTAVYYCARTGSSGYFDFWGQGTLVTVSS,DIQMTQSPSSLSASVGDRVTITCRASESVDDLLHWYQQKPGKAPKLLIKYASQSISGVPSRFSGSGSGTDFTLTISSLQPEDFATYYCQQGNSLPNTFGQGTKVEIK,2,4,mild,,0,0,0,1,1,0,0,1,0,1,0.23075083829737877,0,True
evolocumab,EVQLVQSGAEVKKPGASVKVSCKASGYTLTSYGISWVRQAPGQGLEWMGWVSFYNGNTNYAQKLQGRGTMTTDPSTSTAYMELRSLRSDDTAVYYCARGYGMDVWGQGTTVTVSS,ESALTQPASVSGSPGQSITISCTGTSSDVGGYNSVSWYQQHPGKAPKLMIYEVSNRPSGVSNRFSGSKSGNTASLTISGLQAEDEADYYCNSYTSTSMVFGGGTKLTVL,2,2,mild,,1,0,0,0,1,0,0,0,0,0,0.5223412550101737,1,True
farletuzumab,EVQLVESGGGVVQPGRSLRLSCSASGFTFSGYGLSWVRQAPGKGLEWVAMISSGGSYTYYADSVKGRFAISRDNAKNTLFLQMDSLRPEDTGVYFCARHGDDPAWFAYWGQGTPVTVSS,DIQLTQSPSSLSASVGDRVTITCSVSSSISSNNLHWYQQKPGKAPKPWIYGTSNLASGVPSRFSGSGSGTDYTFTISSLQPEDIATYYCQQWSSYPYMYTFGQGTKVEIK,0,0,specific,0.0,0,0,0,0,0,0,0,0,0,0,0.6149566781431078,1,True
fasinumab,QVQLVQSGAEVKKPGASVKVSCKVSGFTLTELSIHWVRQAPGKGLEWMGGFDPEDGETIYAQKFQGRVTMTEDTSTDTAYMELTSLRSEDTAVYYCSTIFGVVTNFDNWGQGTLVTVSS,DIQMTQSPSSLSASAGDRVTITCRASQAIRNDLGWYQQKPGKAPKRLIYAAFNLQSGVPSRFSGSGSGTEFTLTISSLQPEDLASYYCQQYNRYPWTFGQGTKVEIK,0,0,specific,0.0,0,0,0,0,0,0,0,0,0,0,0.27226847364638307,0,True
fezakinumab,QVQLVQSGAEVKKPGASVKVSCKASGYTFTNYYMHWVRQAPGQGLEWVGWINPYTGSAFYAQKFRGRVTMTRDTSISTAYMELSRLRSDDTAVYYCAREPEKFDSDDSDVWGRGTLVTVSS,QAVLTQPPSVSGAPGQRVTISCTGSSSNIGAGYGVHWYQQLPGTAPKLLIYGDSNRPSGVPDRFSGSKSGTSASLAITGLQAEDEADYYCQSYDNSLSGYVFGGGTQLTVL,0,2,specific,0.0,0,0,0,0,0,0,0,1,1,0,0.5023129429103503,1,False
ficlatuzumab,QVQLVQPGAEVKKPGTSVKLSCKASGYTFTTYWMHWVRQAPGQGLEWIGEINPTNGHTNYNQKFQGRATLTVDKSTSTAYMELSSLRSEDTAVYYCARNYVGSIFDYWGQGTLLTVSS,DIVMTQSPDSLAMSLGERVTLNCKASENVVSYVSWYQQKPGQSPKLLIYGASNRESGVPDRFSGSGSATDFTLTISSVQAEDVADYHCGQSYNYPYTFGQGTKLEIK,0,0,specific,0.0,0,0,0,0,0,0,0,0,0,0,0.4571760145724791,0,True
figitumumab,EVQLLESGGGLVQPGGSLRLSCTASGFTFSSYAMNWVRQAPGKGLEWVSAISGSGGTTFYADSVKGRFTISRDNSRTTLYLQMNSLRAEDTAVYYCAKDLGWSDSYYYYYGMDVWGQGTTVTVSS,DIQMTQFPSSLSASVGDRVTITCRASQGIRNDLGWYQQKPGKAPKRLIYAASRLHRGVPSRFSGSGSGTEFTLTISSLQPEDFATYYCLQHNSYPCSFGQGTKLEIK,3,6,mild,,0,0,0,1,1,1,1,1,1,0,0.4051127887805846,0,True
fletikumab,QVQLVQSGAEVKRPGASVKVSCKASGYTFTNDIIHWVRQAPGQRLEWMGWINAGYGNTQYSQNFQDRVSITRDTSASTAYMELISLRSEDTAVYYCAREPLWFGESSPHDYYGMDVWGQGTTVTVSS,AIQLTQSPSSLSASVGDRVTITCRASQGISSALAWYQQKPGKAPKLLIYDASSLESGVPSRFSGSGSGTDFTLTISSLQPEDFATYYCQQFNSYPLTFGGGTKVEIK,0,0,specific,0.0,0,0,0,0,0,0,0,0,0,0,0.4435446162691081,0,True
foralumab,QVQLVESGGGVVQPGRSLRLSCAASGFKFSGYGMHWVRQAPGKGLEWVAVIWYDGSKKYYVDSVKGRFTISRDNSKNTLYLQMNSLRAEDTAVYYCARQMGYWHFDLWGRGTLVTVSS,EIVLTQSPATLSLSPGERATLSCRASQSVSSYLAWYQQKPGQAPRLLIYDASNRATGIPARFSGSGSGTDFTLTISSLEPEDFAVYYCQQRSNWPPLTFGGGTKVEIK,2,5,mild,,0,0,0,1,1,0,1,1,1,0,0.5487002639985233,1,True
fresolimumab,QVQLVQSGAEVKKPGSSVKVSCKASGYTFSSNVISWVRQAPGQGLEWMGGVIPIVDIANYAQRFKGRVTITADESTSTTYMELSSLRSEDTAVYYCASTLGLVLDAMDYWGQGTLVTVSS,ETVLTQSPGTLSLSPGERATLSCRASQSLGSSYLAWYQQKPGQAPRLLIYGASSRAPGIPDRFSGSGSGTDFTLTISRLEPEDFAVYYCQQYADSPITFGQGTRLEIK,0,0,specific,0.0,0,0,0,0,0,0,0,0,0,0,0.5368854293081852,1,True
fulranumab,EVQLVESGGGLVQPGGSLRLSCAASGFTLRSYSMNWVRQAPGKGLEWVSYISRSSHTIFYADSVKGRFTISRDNAKNSLYLQMDSLRDEDTAMYYCARVYSSGWHVSDYFDYWGQGILVTVSS,AIQLTQSPSSLSASVGDRVTITCRASQGISSALAWYQQKPGKAPKLLIYDASSLESGVPSRFSGSGSGTDFTLTISSLQPEDFATYYCQQFNSYPLTFGGGTKVEIK,1,2,mild,,1,0,0,0,0,0,1,0,0,0,0.4759325519699019,0,False
galiximab,QVQLQESGPGLVKPSETLSLTCAVSGGSISGGYGWGWIRQPPGKGLEWIGSFYSSSGNTYYNPSLKSQVTISTDTSKNQFSLKLNSMTAADTAVYYCVRDRLFSVVGMVYNNWFDVWGPGVLVTVSS,ESALTQPPSVSGAPGQKVTISCTGSTSNIGGYDLHWYQQLPGTAPKLLIYDINKRPSGISDRFSGSKSGTAASLAITGLQTEDEADYYCQSYDSSLNAQVFGGGTRLTVL,0,1,specific,0.0,0,0,0,0,0,0,0,0,1,0,0.7956583874107854,1,False
ganitumab,QVQLQESGPGLVKPSGTLSLTCAVSGGSISSSNWWSWVRQPPGKGLEWIGEIYHSGSTNYNPSLKSRVTISVDKSKNQFSLKLSSVTAADTAVYYCARWTGRTDAFDIWGQGTMVTVSS,DVVMTQSPLSLPVTPGEPASISCRSSQSLLHSNGYNYLDWYLQKPGQSPQLLIYLGSNRASGVPDRFSGSGSGTDFTLKISRVEAEDVGVYYCMQGTHWPLTFGQGTKVEIK,0,2,specific,0.0,0,0,0,0,0,0,1,1,0,0,0.6476496772626648,1,False
gantenerumab,QVELVESGGGLVQPGGSLRLSCAASGFTFSSYAMSWVRQAPGKGLEWVSAINASGTRTYYADSVKGRFTISRDNSKNTLYLQMNSLRAEDTAVYYCARGKGNTHKPYGYVRYFDVWGQGTLVTVSS,DIVLTQSPATLSLSPGERATLSCRASQSVSSSYLAWYQQKPGQAPRLLIYGASSRATGVPARFSGSGSGTDFTLTISSLEPEDFATYYCLQIYNMPITFGQGTKVEIK,6,8,non_specific,1.0,1,1,1,1,1,1,1,1,0,0,0.6713702276590209,1,False
gemtuzumab,EVQLVQSGAEVKKPGSSVKVSCKASGYTITDSNIHWVRQAPGQSLEWIGYIYPYNGGTDYNQKFKNRATLTVDNPTNTAYMELSSLRSEDTAFYYCVNGNPWLAYWGQGTLVTVSS,DIQLTQSPSTLSASVGDRVTITCRASESLDNYGIRFLTWFQQKPGKAPKLLMYAASNQGSGVPSRFSGSGSGTEFTLTISSLQPDDFATYYCQQTKEVPWSFGQGTKVEVK,0,1,specific,0.0,0,0,0,0,0,0,0,0,1,0,0.4470776473779867,0,False
gevokizumab,QVQLQESGPGLVKPSQTLSLTCSFSGFSLSTSGMGVGWIRQPSGKGLEWLAHIWWDGDESYNPSLKSRLTISKDTSKNQVSLKITSVTAADTAVYFCARNRYDPPWFVDWGQGTLVTVSS,DIQMTQSTSSLSASVGDRVTITCRASQDISNYLSWYQQKPGKAVKLLIYYTSKLHSGVPSRFSGSGSGTDYTLTISSLQQEDFATYFCLQGKMLPWTFGQGTKLEIK,0,0,specific,0.0,0,0,0,0,0,0,0,0,0,0,0.6702616611765762,1,True
girentuximab,DVKLVESGGGLVKLGGSLKLSCAASGFTFSNYYMSWVRQTPEKRLELVAAINSDGGITYYLDTVKGRFTISRDNAKNTLYLQMSSLKSEDTALFYCARHRSGYFSMDYWGQGTSVTVSS,DIVMTQSQRFMSTTVGDRVSITCKASQNVVSAVAWYQQKPGQSPKLLIYSASNRYTGVPDRFTGSGSGTDFTLTISNMQSEDLADFFCQQYSNYPWTFGGGTKLEIK,0,0,specific,0.0,0,0,0,0,0,0,0,0,0,0,0.5119147253794423,1,True
glembatumumab,QVQLQESGPGLVKPSQTLSLTCTVSGGSISSFNYYWSWIRHHPGKGLEWIGYIYYSGSTYSNPSLKSRVTISVDTSKNQFSLTLSSVTAADTAVYYCARGYNWNYFDYWGQGTLVTVSS,EIVMTQSPATLSVSPGERATLSCRASQSVDNNLVWYQQKPGQAPRLLIYGASTRATGIPARFSGSGSGTEFTLTISSLQSEDFAVYYCQQYNNWPPWTFGQGTKVEIK,0,3,specific,0.0,0,0,0,0,0,0,0,1,1,1,0.6642970451504058,1,True
golimumab,QVQLVESGGGVVQPGRSLRLSCAASGFIFSSYAMHWVRQAPGNGLEWVAFMSYDGSNKKYADSVKGRFTISRDNSKNTLYLQMNSLRAEDTAVYYCARDRGIAAGGNYYYYGMDVWGQGTTVTVSS,EIVLTQSPATLSLSPGERATLSCRASQSVYSYLAWYQQKPGQAPRLLIYDASNRATGIPARFSGSGSGTDFTLTISSLEPEDFAVYYCQQRSNWPPFTFGPGTKVDIK,1,3,mild,,0,1,0,0,0,0,0,1,1,0,0.2408271705704606,0,False
guselkumab,EVQLVQSGAEVKKPGESLKISCKGSGYSFSNYWIGWVRQMPGKGLEWMGIIDPSNSYTRYSPSFQGQVTISADKSISTAYLQWSSLKASDTAMYYCARWYYKPFDVWGQGTLVTVSS,QSVLTQPPSVSGAPGQRVTISCTGSSSNIGSGYDVHWYQQLPGTAPKLLIYGNSKRPSGVPDRFSGSKSGTSASLAITGLQSEDEADYYCASWTDGLSLVVFGGGTKLTVL,1,4,mild,,1,0,0,0,0,0,1,1,0,1,0.6450523476877813,1,True
ibalizumab,QVQLQQSGPEVVKPGASVKMSCKASGYTFTSYVIHWVRQKPGQGLDWIGYINPYNDGTDYDEKFKGKATLTSDTSTSTAYMELSSLRSEDTAVYYCAREKDNYATGAWFAYWGQGTLVTVSS,DIVMTQSPDSLAVSLGERVTMNCKSSQSLLYSTNQKNYLAWYQQKPGQSPKLLIYWASTRESGVPDRFSGSGSGTDFTLTISSVQAEDVAVYYCQQYYSYRTFGGGTKLEIK,0,0,specific,0.0,0,0,0,0,0,0,0,0,0,0,0.27002514023952334,0,True
imgatuzumab,QVQLVQSGAEVKKPGSSVKVSCKASGFTFTDYKIHWVRQAPGQGLEWMGYFNPNSGYSTYAQKFQGRVTITADKSTSTAYMELSSLRSEDTAVYYCARLSPGGYYVMDAWGQGTTVTVSS,DIQMTQSPSSLSASVGDRVTITCRASQGINNYLNWYQQKPGKAPKRLIYNTNNLQTGVPSRFSGSGSGTEFTLTISSLQPEDFATYYCLQHNSFPTFGQGTKLEIK,5,6,non_specific,1.0,0,1,1,1,1,1,1,0,0,0,0.5766642432683485,1,False
infliximab,EVKLEESGGGLVQPGGSMKLSCVASGFIFSNHWMNWVRQSPEKGLEWVAEIRSKSINSATHYAESVKGRFTISRDDSKSAVYLQMTDLRTEDTGVYYCSRNYYGSTYDYWGQGTTLTVSS,DILLTQSPAILSVSPGERVSFSCRASQFVGSSIHWYQQRTNGSPRLLIKYASESMSGIPSRFSGSGSGTDFTLSINTVESEDIADYYCQQSHSWPFTFGSGTNLEVK,0,3,specific,0.0,0,0,0,0,0,0,0,1,1,1,0.29928892125520973,0,True
inotuzumab,EVQLVQSGAEVKKPGASVKVSCKASGYRFTNYWIHWVRQAPGQGLEWIGGINPGNNYATYRRKFQGRVTMTADTSTSTVYMELSSLRSEDTAVYYCTREGYGNYGAWFAYWGQGTLVTVSS,DVQVTQSPSSLSASVGDRVTITCRSSQSLANSYGNTFLSWYLHKPGKAPQLLIYGISNRFSGVPDRFSGSGSGTDFTLTISSLQPEDFATYYCLQGTHQPYTFGQGTKVEIK,3,4,mild,,1,0,0,1,1,0,1,0,0,0,0.6620142490133463,1,False
ipilimumab,QVQLVESGGGVVQPGRSLRLSCAASGFTFSSYTMHWVRQAPGKGLEWVTFISYDGNNKYYADSVKGRFTISRDNSKNTLYLQMNSLRAEDTAIYYCARTGWLGPFDYWGQGTLVTVSS,EIVLTQSPGTLSLSPGERATLSCRASQSVGSSYLAWYQQKPGQAPRLLIYGAFSRATGIPDRFSGSGSGTDFTLTISRLEPEDFAVYYCQQYGSSPWTFGQGTKVEIK,0,2,specific,0.0,0,0,0,0,0,0,0,1,1,0,0.32378088041720765,0,False
ixekizumab,QVQLVQSGAEVKKPGSSVKVSCKASGYSFTDYHIHWVRQAPGQGLEWMGVINPMYGTTDYNQRFKGRVTITADESTSTAYMELSSLRSEDTAVYYCARYDYFTGTGVYWGQGTLVTVSS,DIVMTQTPLSLSVTPGQPASISCRSSRSLVHSRGNTYLHWYLQKPGQSPQLLIYKVSNRFIGVPDRFSGSGSGTDFTLKISRVEAEDVGVYYCSQSTHLPFTFGQGTKLEIK,6,9,non_specific,1.0,1,1,1,1,1,1,1,1,0,1,0.5044809501710974,1,True
lampalizumab,EVQLVQSGPELKKPGASVKVSCKASGYTFTNYGMNWVRQAPGQGLEWMGWINTYTGETTYADDFKGRFVFSLDTSVSTAYLQISSLKAEDTAVYYCEREGGVNNWGQGTLVTVSS,DIQVTQSPSSLSASVGDRVTITCITSTDIDDDMNWYQQKPGKVPKLLISGGNTLRPGVPSRFSGSGSGTDFTLTISSLQPEDVATYYCLQSDSLPYTFGQGTKVEIK,0,1,specific,0.0,0,0,0,0,0,0,0,0,0,1,0.13313527843958067,0,False
lebrikizumab,QVTLRESGPALVKPTQTLTLTCTVSGFSLSAYSVNWIRQPPGKALEWLAMIWGDGKIVYNSALKSRLTISKDTSKNQVVLTMTNMDPVDTATYYCAGDGYYPYAMDNWGQGSLVTVSS,DIVMTQSPDSLSVSLGERATINCRASKSVDSYGNSFMHWYQQKPGQPPKLLIYLASNLESGVPDRFSGSGSGTDFTLTISSLQAEDVAVYYCQQNNEDPRTFGGGTKVEIK,0,1,specific,0.0,0,0,0,0,0,0,0,0,1,0,0.5764859102946431,1,False
lenzilumab,QVQLVQSGAEVKKPGASVKVSCKASGYSFTNYYIHWVRQAPGQRLEWMGWINAGNGNTKYSQKFQGRVTITRDTSASTAYMELSSLRSEDTAVYYCVRRQRFPYYFDYWGQGTLVTVSS,EIVLTQSPATLSVSPGERATLSCRASQSVGTNVAWYQQKPGQAPRVLIYSTSSRATGITDRFSGSGSGTDFTLTISRLEPEDFAVYYCQQFNKSPLTFGGGTKVEIK,6,9,non_specific,1.0,1,1,1,1,1,1,1,1,1,0,0.8338782229118802,1,True
lintuzumab,QVQLVQSGAEVKKPGSSVKVSCKASGYTFTDYNMHWVRQAPGQGLEWIGYIYPYNGGTGYNQKFKSKATITADESTNTAYMELSSLRSEDTAVYYCARGRPAMDYWGQGTLVTVSS,DIQMTQSPSSLSASVGDRVTITCRASESVDNYGISFMNWFQQKPGKAPKLLIYAASNQGSGVPSRFSGSGSGTDFTLTISSLQPDDFATYYCQQSKEVPWTFGQGTKVEIK,0,0,specific,0.0,0,0,0,0,0,0,0,0,0,0,0.37733896897403024,0,True
lirilumab,QVQLVQSGAEVKKPGSSVKVSCKASGGTFSFYAISWVRQAPGQGLEWMGGFIPIFGAANYAQKFQGRVTITADESTSTAYMELSSLRSDDTAVYYCARIPSGSYYYDYDMDVWGQGTTVTVSS,EIVLTQSPVTLSLSPGERATLSCRASQSVSSYLAWYQQKPGQAPRLLIYDASNRATGIPARFSGSGSGTDFTLTISSLEPEDFAVYYCQQRSNWMYTFGQGTKLEIK,0,2,specific,0.0,0,0,0,0,0,0,0,1,1,0,0.5963815527602075,1,False
lumiliximab,EVQLVESGGGLAKPGGSLRLSCAASGFRFTFNNYYMDWVRQAPGQGLEWVSRISSSGDPTWYADSVKGRFTISRENANNTLFLQMNSLRAEDTAVYYCASLTTGSDSWGQGVLVTVSS,DIQMTQSPSSLSASVGDRVTITCRASQDIRYYLNWYQQKPGKAPKLLIYVASSLQSGVPSRFSGSGSGTEFTLTVSSLQPEDFATYYCLQVYSTPRTFGQGTKVEIK,0,0,specific,0.0,0,0,0,0,0,0,0,0,0,0,0.5470032288336145,1,True
matuzumab,QVQLVQSGAEVKKPGASVKVSCKASGYTFTSHWMHWVRQAPGQGLEWIGEFNPSNGRTNYNEKFKSKATMTVDTSTNTAYMELSSLRSEDTAVYYCASRDYDYDGRYFDYWGQGTLVTVSS,DIQMTQSPSSLSASVGDRVTITCSASSSVTYMYWYQQKPGKAPKLLIYDTSNLASGVPSRFSGSGSGTDYTFTISSLQPEDIATYYCQQWSSHIFTFGQGTKVEIK,0,0,specific,0.0,0,0,0,0,0,0,0,0,0,0,0.22431164173678084,0,True
mavrilimumab,QVQLVQSGAEVKKPGASVKVSCKVSGYTLTELSIHWVRQAPGKGLEWMGGFDPEENEIVYAQRFQGRVTMTEDTSTDTAYMELSSLRSEDTAVYYCAIVGSFSPLTLGLWGQGTMVTVSS,QSVLTQPPSVSGAPGQRVTISCTGSGSNIGAPYDVSWYQQLPGTAPKLLIYHNNKRPSGVPDRFSGSKSGTSASLAITGLQAEDEADYYCATVEAGLSGSVFGGGTKLTVL,0,0,specific,0.0,0,0,0,0,0,0,0,0,0,0,0.5432273798267431,1,True
mepolizumab,QVTLRESGPALVKPTQTLTLTCTVSGFSLTSYSVHWVRQPPGKGLEWLGVIWASGGTDYNSALMSRLSISKDTSRNQVVLTMTNMDPVDTATYYCARDPPSSLLRLDYWGRGTPVTVSS,DIVMTQSPDSLAVSLGERATINCKSSQSLLNSGNQKNYLAWYQQKPGQPPKLLIYGASTRESGVPDRFSGSGSGTDFTLTISSLQAEDVAVYYCQNVHSFPFTFGGGTKLEIK,0,0,specific,0.0,0,0,0,0,0,0,0,0,0,0,0.8019537438398565,1,True
mogamulizumab,EVQLVESGGDLVQPGRSLRLSCAASGFIFSNYGMSWVRQAPGKGLEWVATISSASTYSYYPDSVKGRFTISRDNAKNSLYLQMNSLRVEDTALYYCGRHSDGNFAFGYWGQGTLVTVSS,DVLMTQSPLSLPVTPGEPASISCRSSRNIVHINGDTYLEWYLQKPGQSPQLLIYKVSNRFSGVPDRFSGSGSGTDFTLKISRVEAEDVGVYYCFQGSLLPWTFGQGTKVEIK,0,0,specific,0.0,0,0,0,0,0,0,0,0,0,0,0.3108793043965139,0,True
motavizumab,QVTLRESGPALVKPTQTLTLTCTFSGFSLSTAGMSVGWIRQPPGKALEWLADIWWDDKKHYNPSLKDRLTISKDTSKNQVVLKVTNMDPADTATYYCARDMIFNFYFDVWGQGTTVTVSS,DIQMTQSPSTLSASVGDRVTITCSASSRVGYMHWYQQKPGKAPKLLIYDTSKLASGVPSRFSGSGSGTEFTLTISSLQPDDFATYYCFQGSGYPFTFGGGTKVEIK,1,2,mild,,1,0,0,0,0,0,1,0,0,0,0.7398826022922335,1,False
muromonab,QVQLQQSGAELARPGASVKMSCKASGYTFTRYTMHWVKQRPGQGLEWIGYINPSRGYTNYNQKFKDKATLTTDKSSSTAYMQLSSLTSEDSAVYYCARYYDDHYCLDYWGQGTTLTVSS,QIVLTQSPAIMSASPGEKVTMTCSASSSVSYMNWYQQKSGTSPKRWIYDTSKLASGVPAHFRGSGSGTSYSLTISGMEAEDAATYYCQQWSSNPFTFGSGTKLEIK,0,0,specific,0.0,0,0,0,0,0,0,0,0,0,0,0.46806283282928307,0,True
natalizumab,QVQLVQSGAEVKKPGASVKVSCKASGFNIKDTYIHWVRQAPGQRLEWMGRIDPANGYTKYDPKFQGRVTITADTSASTAYMELSSLRSEDTAVYYCAREGYYGNYGVYAMDYWGQGTLVTVSS,DIQMTQSPSSLSASVGDRVTITCKTSQDINKYMAWYQQTPGKAPRLLIHYTSALQPGIPSRFSGSGSGRDYTFTISSLQPEDIATYYCLQYDNLWTFGQGTKVEIK,0,0,specific,0.0,0,0,0,0,0,0,0,0,0,0,0.6135701301456183,1,True
necitumumab,QVQLQESGPGLVKPSQTLSLTCTVSGGSISSGDYYWSWIRQPPGKGLEWIGYIYYSGSTDYNPSLKSRVTMSVDTSKNQFSLKVNSVTAADTAVYYCARVSIFGVGTFDYWGQGTLVTVSS,EIVMTQSPATLSLSPGERATLSCRASQSVSSYLAWYQQKPGQAPRLLIYDASNRATGIPARFSGSGSGTDFTLTISSLEPEDFAVYYCHQYGSTPLTFGGGTKAEIK,0,0,specific,0.0,0,0,0,0,0,0,0,0,0,0,0.3545503481060522,0,True
nimotuzumab,QVQLQQSGAEVKKPGSSVKVSCKASGYTFTNYYIYWVRQAPGQGLEWIGGINPTSGGSNFNEKFKTRVTITADESSTTAYMELSSLRSEDTAFYFCTRQGLWFDSDGRGFDFWGQGTTVTVSS,DIQMTQSPSSLSASVGDRVTITCRSSQNIVHSNGNTYLDWYQQTPGKAPKLLIYKVSNRFSGVPSRFSGSGSGTDFTFTISSLQPEDIATYYCFQYSHVPWTFGQGTKLQIT,0,1,specific,0.0,0,0,0,0,0,0,0,0,1,0,0.495251356337918,0,False
nivolumab,QVQLVESGGGVVQPGRSLRLDCKASGITFSNSGMHWVRQAPGKGLEWVAVIWYDGSKRYYADSVKGRFTISRDNSKNTLFLQMNSLRAEDTAVYYCATNDDYWGQGTLVTVSS,EIVLTQSPATLSLSPGERATLSCRASQSVSSYLAWYQQKPGQAPRLLIYDASNRATGIPARFSGSGSGTDFTLTISSLEPEDFAVYYCQQSSNWPRTFGQGTKVEIK,0,0,specific,0.0,0,0,0,0,0,0,0,0,0,0,0.22264006077814075,0,True
obinutuzumab,QVQLVQSGAEVKKPGSSVKVSCKASGYAFSYSWINWVRQAPGQGLEWMGRIFPGDGDTDYNGKFKGRVTITADKSTSTAYMELSSLRSEDTAVYYCARNVFDGYWLVYWGQGTLVTVSS,DIVMTQTPLSLPVTPGEPASISCRSSKSLLHSNGITYLYWYLQKPGQSPQLLIYQMSNLVSGVPDRFSGSGSGTDFTLKISRVEAEDVGVYYCAQNLELPYTFGGGTKVEIK,0,0,specific,0.0,0,0,0,0,0,0,0,0,0,0,0.3928462994166866,0,True
ocrelizumab,EVQLVESGGGLVQPGGSLRLSCAASGYTFTSYNMHWVRQAPGKGLEWVGAIYPGNGDTSYNQKFKGRFTISVDKSKNTLYLQMNSLRAEDTAVYYCARVVYYSNSYWYFDVWGQGTLVTVSS,DIQMTQSPSSLSASVGDRVTITCRASSSVSYMHWYQQKPGKAPKPLIYAPSNLASGVPSRFSGSGSGTDFTLTISSLQPEDFATYYCQQWSFNPPTFGQGTKVEIK,0,2,specific,0.0,0,0,0,0,0,0,0,1,1,0,0.3542509588964024,0,False
ofatumumab,EVQLVESGGGLVQPGRSLRLSCAASGFTFNDYAMHWVRQAPGKGLEWVSTISWNSGSIGYADSVKGRFTISRDNAKKSLYLQMNSLRAEDTALYYCAKDIQYGNYYYGMDVWGQGTTVTVSS,EIVLTQSPATLSLSPGERATLSCRASQSVSSYLAWYQQKPGQAPRLLIYDASNRATGIPARFSGSGSGTDFTLTISSLEPEDFAVYYCQQRSNWPITFGQGTRLEIK,0,0,specific,0.0,0,0,0,0,0,0,0,0,0,0,0.1666614731490355,0,True
olaratumab,QLQLQESGPGLVKPSETLSLTCTVSGGSINSSSYYWGWLRQSPGKGLEWIGSFFYTGSTYYNPSLRSRLTISVDTSKNQFSLMLSSVTAADTAVYYCARQSTYYYGSGNYYGWFDRWDQGTLVTVSS,EIVLTQSPATLSLSPGERATLSCRASQSVSSYLAWYQQKPGQAPRLLIYDASNRATGIPARFSGSGSGTDFTLTISSLEPEDFAVYYCQQRSNWPPAFGQGTKVEIK,0,2,specific,0.0,0,0,0,0,0,0,0,1,0,1,0.610090474658272,1,False
olokizumab,EVQLVESGGGLVQPGGSLRLSCAASGFNFNDYFMNWVRQAPGKGLEWVAQMRNKNYQYGTYYAESLEGRFTISRDDSKNSLYLQMNSLKTEDTAVYYCARESYYGFTSYWGQGTLVTVSS,DIQMTQSPSSLSASVGDRVTITCQASQDIGISLSWYQQKPGKAPKLLIYNANNLADGVPSRFSGSGSGTDFTLTISSLQPEDFATYYCLQHNSAPYTFGQGTKLEIK,0,0,specific,0.0,0,0,0,0,0,0,0,0,0,0,0.2367013008500957,0,True
omalizumab,EVQLVESGGGLVQPGGSLRLSCAVSGYSITSGYSWNWIRQAPGKGLEWVASITYDGSTNYNPSLKGRITISRDDSKNTFYLQMNSLRAEDTAVYYCARGSHYFGHWHFAVWGQGTLVTVSS,DIQLTQSPSSLSASVGDRVTITCRASQSVDYDGDSYMNWYQQKPGKAPKLLIYAASYLESGVPSRFSGSGSGTDFTLTISSLQPEDFATYYCQQSHEDPYTFGQGTKVEIK,0,0,specific,0.0,0,0,0,0,0,0,0,0,0,0,0.38152704791658587,0,True
onartuzumab,EVQLVESGGGLVQPGGSLRLSCAASGYTFTSYWLHWVRQAPGKGLEWVGMIDPSNSDTRFNPNFKDRFTISADTSKNTAYLQMNSLRAEDTAVYYCATYRSYVTPLDYWGQGTLVTVSS,DIQMTQSPSSLSASVGDRVTITCKSSQSLLYTSSQKNYLAWYQQKPGKAPKLLIYWASTRESGVPSRFSGSGSGTDFTLTISSLQPEDFATYYCQQYYAYPWTFGQGTKVEIK,0,0,specific,0.0,0,0,0,0,0,0,0,0,0,0,0.4302527545226563,0,True
otelixizumab,EVQLLESGGGLVQPGGSLRLSCAASGFTFSSFPMAWVRQAPGKGLEWVSTISTSGGRTYYRDSVKGRFTISRDNSKNTLYLQMNSLRAEDTAVYYCAKFRQYSGGFDYWGQGTLVTVSS,DIQLTQPNSVSTSLGSTVKLSCTLSSGNIENNYVHWYQLYEGRSPTTMIYDDDKRPDGVPDRFSGSIDRSSNSAFLTIHNVAIEDEAIYFCHSYVSSFNVFGGGTKLTVL,0,1,specific,0.0,0,0,0,0,0,0,0,0,0,1,0.6780557232615431,1,False
otlertuzumab,EVQLVQSGAEVKKPGESLKISCKGSGYSFTGYNMNWVRQMPGKGLEWMGNIDPYYGGTTYNRKFKGQVTISADKSISTAYLQWSSLKASDTAMYYCARSVGPFDSWGQGTLVTVSS,EIVLTQSPATLSLSPGERATLSCRASENVYSYLAWYQQKPGQAPRLLIYFAKTLAEGIPARFSGSGSGTDFTLTISSLEPEDFAVYYCQHHSDNPWTFGQGTKVEIK,0,0,specific,0.0,0,0,0,0,0,0,0,0,0,0,0.39052831138058386,0,True
ozanezumab,QVQLVQSGAEVKKPGASVKVSCKASGYTFTSYWMHWVRQAPGQGLEWIGNINPSNGGTNYNEKFKSKATMTRDTSTSTAYMELSSLRSEDTAVYYCELMQGYWGQGTLVTVSS,DIVMTQSPLSNPVTLGQPVSISCRSSKSLLYKDGKTYLNWFLQRPGQSPQLLIYLMSTRASGVPDRFSGGGSGTDFTLKISRVEAEDVGVYYCQQLVEYPLTFGQGTKLEIK,3,6,mild,,1,0,0,1,1,0,1,1,1,0,0.5301609163289216,1,True
palivizumab,QVTLRESGPALVKPTQTLTLTCTFSGFSLSTSGMSVGWIRQPPGKALEWLADIWWDDKKDYNPSLKSRLTISKDTSKNQVVLKVTNMDPADTATYYCARSMITNWYFDVWGAGTTVTVSS,DIQMTQSPSTLSASVGDRVTITCKCQLSVGYMHWYQQKPGKAPKLLIYDTSKLASGVPSRFSGSGSGTEFTLTISSLQPDDFATYYCFQGSGYPFTFGGGTKLEIK,0,0,specific,0.0,0,0,0,0,0,0,0,0,0,0,0.7126307846143656,1,True
panitumumab,QVQLQESGPGLVKPSETLSLTCTVSGGSVSSGDYYWTWIRQSPGKGLEWIGHIYYSGNTNYNPSLKSRLTISIDTSKTQFSLKLSSVTAADTAIYYCVRDRVTGAFDIWGQGTMVTVSS,DIQMTQSPSSLSASVGDRVTITCQASQDISNYLNWYQQKPGKAPKLLIYDASNLETGVPSRFSGSGSGTDFTFTISSLQPEDIATYFCQHFDHLPLAFGGGTKVEIK,0,0,specific,0.0,0,0,0,0,0,0,0,0,0,0,0.2721689302831896,0,True
panobacumab,EEQVVESGGGFVQPGGSLRLSCAASGFTFSPYWMHWVRQAPGKGLVWVSRINSDGSTYYADSVKGRFTISRDNARNTLYLQMNSLRAEDTAVYYCARDRYYGPEMWGQGTMVTVSS,DVVMTQSPLSLPVTLGQPASISCRSSQSLVYSDGNTYLNWFQQRPGQSPRRLIYKVSNRDSGVPDRFSGSGSGTDFTLKISRVEAEDVGVYYCMQGTHWPLTFGGGTKVEIK,0,0,specific,0.0,0,0,0,0,0,0,0,0,0,0,0.4807795592273935,0,True
parsatuzumab,EVQLVESGGGLVQPGGSLRLSCAASGYTFIDYYMNWVRQAPGKGLEWVGDINLDNSGTHYNQKFKGRFTISRDKSKNTAYLQMNSLRAEDTAVYYCAREGVYHDYDDYAMDYWGQGTLVTVSS,DIQMTQSPSSLSASVGDRVTITCRTSQSLVHINAITYLHWYQQKPGKAPKLLIYRVSNRFSGVPSRFSGSGSGTDFTLTISSLQPEDFATYYCGQSTHVPLTFGQGTKVEIK,6,9,non_specific,1.0,1,1,1,1,1,1,1,1,0,1,0.09978232530822062,0,True
patritumab,QVQLQQWGAGLLKPSETLSLTCAVYGGSFSGYYWSWIRQPPGKGLEWIGEINHSGSTNYNPSLKSRVTISVETSKNQFSLKLSSVTAADTAVYYCARDKWTWYFDLWGRGTLVTVSS,DIEMTQSPDSLAVSLGERATINCRSSQSVLYSSSNRNYLAWYQQNPGQPPKLLIYWASTRESGVPDRFSGSGSGTDFTLTISSLQAEDVAVYYCQQYYSTPRTFGQGTKVEIK,4,6,non_specific,1.0,1,0,0,1,1,1,1,1,0,0,0.5791597157421626,1,False
pembrolizumab,QVQLVQSGVEVKKPGASVKVSCKASGYTFTNYYMYWVRQAPGQGLEWMGGINPSNGGTNFNEKFKNRVTLTTDSSTTTAYMELKSLQFDDTAVYYCARRDYRFDMGFDYWGQGTTVTVSS,EIVLTQSPATLSLSPGERATLSCRASKGVSTSGYSYLHWYQQKPGQAPRLLIYLASYLESGVPARFSGSGSGTDFTLTISSLEPEDFAVYYCQHSRDLPLTFGGGTKVEIK,0,2,specific,0.0,0,0,0,0,0,0,0,1,1,0,0.31478569362007913,0,False
pertuzumab,EVQLVESGGGLVQPGGSLRLSCAASGFTFTDYTMDWVRQAPGKGLEWVADVNPNSGGSIYNQRFKGRFTLSVDRSKNTLYLQMNSLRAEDTAVYYCARNLGPSFYFDYWGQGTLVTVSS,DIQMTQSPSSLSASVGDRVTITCKASQDVSIGVAWYQQKPGKAPKLLIYSASYRYTGVPSRFSGSGSGTDFTLTISSLQPEDFATYYCQQYYIYPYTFGQGTKVEIK,0,0,specific,0.0,0,0,0,0,0,0,0,0,0,0,0.2212209357353652,0,True
pinatuzumab,EVQLVESGGGLVQPGGSLRLSCAASGYEFSRSWMNWVRQAPGKGLEWVGRIYPGDGDTNYSGKFKGRFTISADTSKNTAYLQMNSLRAEDTAVYYCARDGSSWDWYFDVWGQGTLVTVSS,DIQMTQSPSSLSASVGDRVTITCRSSQSIVHSVGNTFLEWYQQKPGKAPKLLIYKVSNRFSGVPSRFSGSGSGTDFTLTISSLQPEDFATYYCFQGSQFPYTFGQGTKVEIK,0,0,specific,0.0,0,0,0,0,0,0,0,0,0,0,0.32555599113400185,0,True
polatuzumab,EVQLVESGGGLVQPGGSLRLSCAASGYTFSSYWIEWVRQAPGKGLEWIGEILPGGGDTNYNEIFKGRATFSADTSKNTAYLQMNSLRAEDTAVYYCTRRVPIRLDYWGQGTLVTVSS,DIQLTQSPSSLSASVGDRVTITCKASQSVDYEGDSFLNWYQQKPGKAPKLLIYAASNLESGVPSRFSGSGSGTDFTLTISSLQPEDFATYYCQQSNEDPLTFGQGTKVEIK,0,0,specific,0.0,0,0,0,0,0,0,0,0,0,0,0.5679264964530879,1,True
ponezumab,QVQLVQSGAEVKKPGASVKVSCKASGYYTEAYYIHWVRQAPGQGLEWMGRIDPATGNTKYAPRLQDRVTMTRDTSTSTVYMELSSLRSEDTAVYYCASLYSLPVYWGQGTTVTVSS,DVVMTQSPLSLPVTLGQPASISCKSSQSLLYSDAKTYLNWFQQRPGQSPRRLIYQISRLDPGVPDRFSGSGSGTDFTLKISRVEAEDVGVYYCLQGTHYPVLFGQGTRLEIK,4,6,non_specific,1.0,1,0,0,1,1,1,1,0,0,1,0.7313971549462025,1,False
radretumab,EVQLLESGGGLVQPGGSLRLSCAASGFTFSSFSMSWVRQAPGKGLEWVSSISGSSGTTYYADSVKGRFTISRDNSKNTLYLQMNSLRAEDTAVYYCAKPFPYFDYWGQGTLVTVSS,EIVLTQSPGTLSLSPGERATLSCRASQSVSSSFLAWYQQKPGQAPRLLIYYASSRATGIPDRFSGSGSGTDFTLTISRLEPEDFAVYYCQQTGRIPPTFGQGTKVEIK,0,0,specific,0.0,0,0,0,0,0,0,0,0,0,0,0.46637111205928966,0,True
ramucirumab,EVQLVQSGGGLVKPGGSLRLSCAASGFTFSSYSMNWVRQAPGKGLEWVSSISSSSSYIYYADSVKGRFTISRDNAKNSLYLQMNSLRAEDTAVYYCARVTDAFDIWGQGTMVTVSS,DIQMTQSPSSVSASIGDRVTITCRASQGIDNWLGWYQQKPGKAPKLLIYDASNLDTGVPSRFSGSGSGTYFTLTISSLQAEDFAVYFCQQAKAFPPTFGGGTKVDIK,0,0,specific,0.0,0,0,0,0,0,0,0,0,0,0,0.3100954781339778,0,True
ranibizumab,EVQLVESGGGLVQPGGSLRLSCAASGYDFTHYGMNWVRQAPGKGLEWVGWINTYTGEPTYAADFKRRFTFSLDTSKSTAYLQMNSLRAEDTAVYYCAKYPYYYGTSHWYFDVWGQGTLVTVSS,DIQLTQSPSSLSASVGDRVTITCSASQDISNYLNWYQQKPGKAPKVLIYFTSSLHSGVPSRFSGSGSGTDFTLTISSLQPEDFATYYCQQYSTVPWTFGQGTKVEIK,1,4,mild,,0,0,0,1,0,0,0,1,1,1,0.4164613705161365,0,True
reslizumab,EVQLVESGGGLVQPGGSLRLSCAVSGLSLTSNSVNWIRQAPGKGLEWVGLIWSNGDTDYNSAIKSRFTISRDTSKSTVYLQMNSLRAEDTAVYYCAREYYGYFDYWGQGTLVTVSS,DIQMTQSPSSLSASVGDRVTITCLASEGISSYLAWYQQKPGKAPKLLIYGANSLQTGVPSRFSGSGSATDYTLTISSLQPEDFATYYCQQSYKFPNTFGQGTKVEVK,0,0,specific,0.0,0,0,0,0,0,0,0,0,0,0,0.39817492488180506,0,True
rilotumumab,QVQLQESGPGLVKPSETLSLTCTVSGGSISIYYWSWIRQPPGKGLEWIGYVYYSGSTNYNPSLKSRVTISVDTSKNQFSLKLNSVTAADTAVYYCARGGYDFWSGYFDYWGQGTLVTVSS,EIVMTQSPATLSVSPGERATLSCRASQSVDSNLAWYRQKPGQAPRLLIYGASTRATGIPARFSGSGSGTEFTLTISSLQSEDFAVYYCQQYINWPPITFGQGTRLEIK,0,3,specific,0.0,0,0,0,0,0,0,0,1,1,1,0.5821100870981658,1,True
rituximab,QVQLQQPGAELVKPGASVKMSCKASGYTFTSYNMHWVKQTPGRGLEWIGAIYPGNGDTSYNQKFKGKATLTADKSSSTAYMQLSSLTSEDSAVYYCARSTYYGGDWYFNVWGAGTTVTVSA,QIVLSQSPAILSASPGEKVTMTCRASSSVSYIHWFQQKPGSSPKPWIYATSNLASGVPVRFSGSGSGTSYSLTISRVEAEDAATYYCQQWTSNPPTFGGGTKLEIK,0,1,specific,0.0,0,0,0,0,0,0,0,1,0,0,0.4638398705682994,0,False
robatumumab,EVQLVQSGGGLVKPGGSLRLSCAASGFTFSSFAMHWVRQAPGKGLEWISVIDTRGATYYADSVKGRFTISRDNAKNSLYLQMNSLRAEDTAVYYCARLGNFYYGMDVWGQGTTVTVSS,EIVLTQSPGTLSVSPGERATLSCRASQSIGSSLHWYQQKPGQAPRLLIKYASQSLSGIPDRFSGSGSGTDFTLTISRLEPEDFAVYYCHQSSRLPHTFGQGTKVEIK,4,7,non_specific,1.0,0,1,0,1,1,1,1,1,1,0,0.6183480039601149,1,True
romosozumab,EVQLVQSGAEVKKPGASVKVSCKASGYTFTDYNMHWVRQAPGQGLEWMGEINPNSGGAGYNQKFKGRVTMTTDTSTSTAYMELRSLRSDDTAVYYCARLGYDDIYDDWYFDVWGQGTTVTVSS,DIQMTQSPSSLSASVGDRVTITCRASQDISNYLNWYQQKPGKAPKLLIYYTSRLLSGVPSRFSGSGSGTDFTLTISSLQPEDFATYYCQQGDTLPYTFGGGTKVEIK,0,0,specific,0.0,0,0,0,0,0,0,0,0,0,0,0.13897833365766749,0,True
sarilumab,EVQLVESGGGLVQPGRSLRLSCAASRFTFDDYAMHWVRQAPGKGLEWVSGISWNSGRIGYADSVKGRFTISRDNAENSLFLQMNGLRAEDTALYYCAKGRDSFDIWGQGTMVTVSS,DIQMTQSPSSVSASVGDRVTITCRASQGISSWLAWYQQKPGKAPKLLIYGASSLESGVPSRFSGSGSGTDFTLTISSLQPEDFASYYCQQANSFPYTFGQGTKLEIK,0,0,specific,0.0,0,0,0,0,0,0,0,0,0,0,0.30003694746543863,0,True
secukinumab,EVQLVESGGGLVQPGGSLRLSCAASGFTFSNYWMNWVRQAPGKGLEWVAAINQDGSEKYYVGSVKGRFTISRDNAKNSLYLQMNSLRVEDTAVYYCVRDYYDILTDYYIHYWYFDLWGRGTLVTVSS,EIVLTQSPGTLSLSPGERATLSCRASQSVSSSYLAWYQQKPGQAPRLLIYGASSRATGIPDRFSGSGSGTDFTLTISRLEPEDFAVYYCQQYGSSPCTFGQGTRLEIK,0,0,specific,0.0,0,0,0,0,0,0,0,0,0,0,0.461995492287996,0,True
seribantumab,EVQLLESGGGLVQPGGSLRLSCAASGFTFSHYVMAWVRQAPGKGLEWVSSISSSGGWTLYADSVKGRFTISRDNSKNTLYLQMNSLRAEDTAVYYCTRGLKMATIFDYWGQGTLVTVSS,QSALTQPASVSGSPGQSITISCTGTSSDVGSYNVVSWYQQHPGKAPKLIIYEVSQRPSGVSNRFSGSKSGNTASLTISGLQTEDEADYYCCSYAGSSIFVIFGGGTKVTVL,0,3,specific,0.0,0,0,0,0,0,0,0,1,1,1,0.6592924348421887,1,True
sifalimumab,QVQLVQSGAEVKKPGASVKVSCKASGYTFTSYSISWVRQAPGQGLEWMGWISVYNGNTNYAQKFQGRVTMTTDTSTSTAYLELRSLRSDDTAVYYCARDPIAAGYWGQGTLVTVSS,EIVLTQSPGTLSLSPGERATLSCRASQSVSSTYLAWYQQKPGQAPRLLIYGASSRATGIPDRFSGSGSGTDFTLTISRLEPEDFAVYYCQQYGSSPRTFGQGTKVEIK,3,3,mild,,1,0,0,0,1,1,0,0,0,0,0.5797042793768317,1,False
siltuximab,EVQLVESGGKLLKPGGSLKLSCAASGFTFSSFAMSWFRQSPEKRLEWVAEISSGGSYTYYPDTVTGRFTISRDNAKNTLYLEMSSLRSEDTAMYYCARGLWGYYALDYWGQGTSVTVSS,QIVLIQSPAIMSASPGEKVTMTCSASSSVSYMYWYQQKPGSSPRLLIYDTSNLASGVPVRFSGSGSGTSYSLTISRMEAEDAATYYCQQWSGYPYTFGGGTKLEIK,0,0,specific,0.0,0,0,0,0,0,0,0,0,0,0,0.5586652373618242,1,True
simtuzumab,QVQLVQSGAEVKKPGASVKVSCKASGYAFTYYLIEWVRQAPGQGLEWIGVINPGSGGTNYNEKFKGRATITADKSTSTAYMELSSLRSEDTAVYFCARNWMNFDYWGQGTTVTVSS,DIVMTQTPLSLSVTPGQPASISCRSSKSLLHSNGNTYLYWFLQKPGQSPQFLIYRMSNLASGVPDRFSGSGSGTDFTLKISRVEAEDVGVYYCMQHLEYPYTFGGGTKVEIK,6,9,non_specific,1.0,1,1,1,1,1,1,1,1,0,1,0.6040966773265918,1,True
sirukumab,EVQLVESGGGLVQPGGSLRLSCAASGFTFSPFAMSWVRQAPGKGLEWVAKISPGGSWTYYSDTVTGRFTISRDNAKNSLYLQMNSLRAEDTAVYYCARQLWGYYALDIWGQGTTVTVSS,EIVLTQSPATLSLSPGERATLSCSASISVSYMYWYQQKPGQAPRLLIYDMSNLASGIPARFSGSGSGTDFTLTISSLEPEDFAVYYCMQWSGYPYTFGGGTKVEIK,5,8,non_specific,1.0,1,1,0,1,1,1,1,1,1,0,0.7193445005167391,1,True
tabalumab,QVQLQQWGAGLLKPSETLSLTCAVYGGSFSGYYWSWIRQPPGKGLEWIGEINHSGSTNYNPSLKSRVTISVDTSKNQFSLKLSSVTAADTAVYYCARGYYDILTGYYYYFDYWGQGTLVTVSS,EIVLTQSPATLSLSPGERATLSCRASQSVSRYLAWYQQKPGQAPRLLIYDASNRATGIPARFSGSGSGTDSTLTISSLEPEDFAVYYCQQRSNWPRTFGQGTKVEIK,0,0,specific,0.0,0,0,0,0,0,0,0,0,0,0,0.4971454414263691,0,True
tanezumab,QVQLQESGPGLVKPSETLSLTCTVSGFSLIGYDLNWIRQPPGKGLEWIGIIWGDGTTDYNSAVKSRVTISKDTSKNQFSLKLSSVTAADTAVYYCARGGYWYATSYYFDYWGQGTLVTVSS,DIQMTQSPSSLSASVGDRVTITCRASQSISNNLNWYQQKPGKAPKLLIYYTSRFHSGVPSRFSGSGSGTDFTFTISSLQPEDIATYYCQQEHTLPYTFGQGTKLEIK,1,3,mild,,0,0,0,0,0,1,1,0,1,0,0.682678447978729,1,False
teplizumab,QVQLVQSGGGVVQPGRSLRLSCKASGYTFTRYTMHWVRQAPGKGLEWIGYINPSRGYTNYNQKVKDRFTISRDNSKNTAFLQMDSLRPEDTGVYFCARYYDDHYCLDYWGQGTPVTVSS,DIQMTQSPSSLSASVGDRVTITCSASSSVSYMNWYQQTPGKAPKRWIYDTSKLASGVPSRFSGSGSGTDYTFTISSLQPEDIATYYCQQWSSNPFTFGQGTKLQIT,2,3,mild,,0,0,0,1,0,1,0,1,0,0,0.5123306501219369,1,False
tigatuzumab,EVQLVESGGGLVQPGGSLRLSCAASGFTFSSYVMSWVRQAPGKGLEWVATISSGGSYTYYPDSVKGRFTISRDNAKNTLYLQMNSLRAEDTAVYYCARRGDSMITTDYWGQGTLVTVSS,DIQMTQSPSSLSASVGDRVTITCKASQDVGTAVAWYQQKPGKAPKLLIYWASTRHTGVPSRFSGSGSGTDFTLTISSLQPEDFATYYCQQYSSYRTFGQGTKVEIK,0,0,specific,0.0,0,0,0,0,0,0,0,0,0,0,0.3986536048491905,0,True
tildrakizumab,QVQLVQSGAEVKKPGASVKVSCKASGYIFITYWMTWVRQAPGQGLEWMGQIFPASGSADYNEKFEGRVTMTTDTSTSTAYMELRSLRSDDTAVYYCARGGGGFAYWGQGTLVTVSS,DIQMTQSPSSLSASVGDRVTITCRTSENIYSYLAWYQQKPGKAPKLLIYNAKTLAEGVPSRFSGSGSGTDFTLTISSLQPEDFATYYCQHHYGIPFTFGQGTKVEIK,0,0,specific,0.0,0,0,0,0,0,0,0,0,0,0,0.4632573277310576,0,True
tocilizumab,QVQLQESGPGLVRPSQTLSLTCTVSGYSITSDHAWSWVRQPPGRGLEWIGYISYSGITTYNPSLKSRVTMLRDTSKNQFSLRLSSVTAADTAVYYCARSLARTTAMDYWGQGSLVTVSS,DIQMTQSPSSLSASVGDRVTITCRASQDISSYLNWYQQKPGKAPKLLIYYTSRLHSGVPSRFSGSGSGTDFTFTISSLQPEDIATYYCQQGNTLPYTFGQGTKVEIK,0,0,specific,0.0,0,0,0,0,0,0,0,0,0,0,0.8166741830212217,1,True
tovetumab,QVQLVESGGGLVKPGGSLRLSCAASGFTFSDYYMNWIRQAPGKGLEWVSYISSSGSIIYYADSVKGRFTISRDNAKNSLYLQMNSLRAEDTAVYYCAREGRIAARGMDVWGQGTTVTVSS,DIQMTQSPSSLSASVGDRVSITCRPSQSFSRYINWYQQKPGKAPKLLIHAASSLVGGVPSRFSGSGSGTDFTLTISSLQPEDFATYYCQQTYSNPPITFGQGTRLEMK,0,0,specific,0.0,0,0,0,0,0,0,0,0,0,0,0.45047729442645634,0,True
tralokinumab,QVQLVQSGAEVKKPGASVKVSCKASGYTFTNYGLSWVRQAPGQGLEWMGWISANNGDTNYGQEFQGRVTMTTDTSTSTAYMELRSLRSDDTAVYYCARDSSSSWARWFFDLWGRGTLVTVSS,SYVLTQPPSVSVAPGKTARITCGGNIIGSKLVHWYQQKPGQAPVLVIYDDGDRPSGIPERFSGSNSGNTATLTISRVEAGDEADYYCQVWDTGSDPVVFGGGTKLTVL,0,1,specific,0.0,0,0,0,0,0,0,0,1,0,0,0.3886295967374501,0,False
trastuzumab,EVQLVESGGGLVQPGGSLRLSCAASGFNIKDTYIHWVRQAPGKGLEWVARIYPTNGYTRYADSVKGRFTISADTSKNTAYLQMNSLRAEDTAVYYCSRWGGDGFYAMDYWGQGTLVTVSS,DIQMTQSPSSLSASVGDRVTITCRASQDVNTAVAWYQQKPGKAPKLLIYSASFLYSGVPSRFSGSRSGTDFTLTISSLQPEDFATYYCQQHYTTPPTFGQGTKVEIK,0,0,specific,0.0,0,0,0,0,0,0,0,0,0,0,0.5408402735146887,1,True
tremelimumab,QVQLVESGGGVVQPGRSLRLSCAASGFTFSSYGMHWVRQAPGKGLEWVAVIWYDGSNKYYADSVKGRFTISRDNSKNTLYLQMNSLRAEDTAVYYCARDPRGATLYYYYYGMDVWGQGTTVTVSS,DIQMTQSPSSLSASVGDRVTITCRASQSINSYLDWYQQKPGKAPKLLIYAASSLQSGVPSRFSGSGSGTDFTLTISSLQPEDFATYYCQQYYSTPFTFGPGTKVEIK,0,2,specific,0.0,0,0,0,0,0,0,0,1,1,0,0.3087174102199357,0,False
urelumab,QVQLQQWGAGLLKPSETLSLTCAVYGGSFSGYYWSWIRQSPEKGLEWIGEINHGGYVTYNPSLESRVTISVDTSKNQFSLKLSSVTAADTAVYYCARDYGPGNYDWYFDLWGRGTLVTVSS,EIVLTQSPATLSLSPGERATLSCRASQSVSSYLAWYQQKPGQAPRLLIYDASNRATGIPARFSGSGSGTDFTLTISSLEPEDFAVYYCQQRSNWPPALTFGGGTKVEIK,0,2,specific,0.0,0,0,0,0,0,0,0,1,1,0,0.4258230238248844,0,False
ustekinumab,EVQLVQSGAEVKKPGESLKISCKGSGYSFTTYWLGWVRQMPGKGLDWIGIMSPVDSDIRYSPSFQGQVTMSVDKSITTAYLQWNSLKASDTAMYYCARRRPGQGYFDFWGQGTLVTVSS,DIQMTQSPSSLSASVGDRVTITCRASQGISSWLAWYQQKPEKAPKSLIYAASSLQSGVPSRFSGSGSGTDFTLTISSLQPEDFATYYCQQYNIYPYTFGQGTKLEIK,3,4,mild,,0,1,0,0,1,1,1,0,0,0,0.32989660577850044,0,False
vedolizumab,QVQLVQSGAEVKKPGASVKVSCKGSGYTFTSYWMHWVRQAPGQRLEWIGEIDPSESNTNYNQKFKGRVTLTVDISASTAYMELSSLRSEDTAVYYCARGGYDGWDYAIDYWGQGTLVTVSS,DVVMTQSPLSLPVTPGEPASISCRSSQSLAKSYGNTYLSWYLQKPGQSPQLLIYGISNRFSGVPDRFSGSGSGTDFTLKISRVEAEDVGVYYCLQGTHQPYTFGQGTKVEIK,0,0,specific,0.0,0,0,0,0,0,0,0,0,0,0,0.2934851904013139,0,True
veltuzumab,QVQLQQSGAEVKKPGSSVKVSCKASGYTFTSYNMHWVKQAPGQGLEWIGAIYPGMGDTSYNQKFKGKATLTADESTNTAYMELSSLRSEDTAFYYCARSTYYGGDWYFDVWGQGTTVTVSS,DIQLTQSPSSLSASVGDRVTMTCRASSSVSYIHWFQQKPGKAPKPWIYATSNLASGVPVRFSGSGSGTDYTFTISSLQPEDIATYYCQQWTSNPPTFGGGTKLEIK,0,0,specific,0.0,0,0,0,0,0,0,0,0,0,0,0.3077713273429256,0,True
visilizumab,QVQLVQSGAEVKKPGASVKVSCKASGYTFISYTMHWVRQAPGQGLEWMGYINPRSGYTHYNQKLKDKATLTADKSASTAYMELSSLRSEDTAVYYCARSAYYDYDGFAYWGQGTLVTVSS,DIQMTQSPSSLSASVGDRVTITCSASSSVSYMNWYQQKPGKAPKRLIYDTSKLASGVPSRFSGSGSGTDFTLTISSLQPEDFATYYCQQWSSNPPTFGGGTKVEIK,3,6,mild,,1,0,0,1,1,0,1,1,1,0,0.46961160296876403,0,True
zalutumumab,QVQLVESGGGVVQPGRSLRLSCAASGFTFSTYGMHWVRQAPGKGLEWVAVIWDDGSYKYYGDSVKGRFTISRDNSKNTLYLQMNSLRAEDTAVYYCARDGITMVRGVMKDYFDYWGQGTLVTVSS,AIQLTQSPSSLSASVGDRVTITCRASQDISSALVWYQQKPGKAPKLLIYDASSLESGVPSRFSGSESGTDFTLTISSLQPEDFATYYCQQFNSYPLTFGGGTKVEIK,1,1,mild,,1,0,0,0,0,0,0,0,0,0,0.27781533488759164,0,True
zanolimumab,QVQLQQWGAGLLKPSETLSLTCAVYGGSFSGYYWSWIRQPPGKGLEWIGEINHSGSTNYNPSLKSRVTISVDTSKNQFSLKLSSVTAADTAVYYCARVINWFDPWGQGTLVTVSS,DIQMTQSPSSVSASVGDRVTITCRASQDISSWLAWYQHKPGKAPKLLIYAASSLQSGVPSRFSGSGSGTDFTLTISSLQPEDFATYYCQQANSFPYTFGQGTKLEIK,0,0,specific,0.0,0,0,0,0,0,0,0,0,0,0,0.6654485255074558,1,True
