id,vh_sequence,vl_sequence,elisa_flags,total_flags,flag_category,label,vh_length,vl_length,vh_charge,vl_charge,total_charge,cdr_h3_proxy,vh_length_zscore,vl_length_zscore,vh_charge_zscore,vl_charge_zscore,total_charge_zscore,vh_length_outlier,vl_length_outlier,charge_outlier,any_outlier,chimeric,discontinued,withdrawn,known_issue,qc_candidate,psr,ac_sins,hic,fab_tm,reclassified,reclassification_reason,label_original,prediction,prob_specific,prob_nonspecific
abrilumab,QVQLVQSGAEVKKPGASVKVSCKVSGYTLSDLSIHWVRQAPGKGLEWMGGFDPQDGETIYAQKFQGRVTMTEDTSTDTAYMELSSLKSEDTAVYYCATGSSSSWFDPWGQGTLVTVSS,DIQMTQSPSSVSASVGDRVTITCRASQGISSWLAWYQQKPGKAPKLLIYGASNLESGVPSRFSGSGSGTDFTLTISSLQPEDFANYYCQQANSFPWTFGQGTKVEIK,0,0,specific,0,118,107,-3,1,-2,118,-0.4857145471445147,-0.6854920714759655,-2.0116763721411752,-0.2825766074832624,-1.6331053770943624,False,False,False,False,False,False,False,False,False,0.0,-0.9285255875093592,9.413,71.0,False,,0,0,0.8337586325083434,0.16624136749165666
adalimumab,EVQLVESGGGLVQPGRSLRLSCAASGFTFDDYAMHWVRQAPGKGLEWVSAITWNSGHIDYADSVEGRFTISRDNAKNSLYLQMNSLRAEDTAVYYCAKVSYLSTASSLDYWGQGTLVTVSS,DIQMTQSPSSLSASVGDRVTITCRASQGIRNYLAWYQQKPGKAPKLLIYAASTLQSGVPSRFSGSGSGTDFTLTISSLQPEDVATYYCQRYNRAPYTFGQGTKVEIK,0,0,specific,0,121,107,-1,5,4,121,0.4692496472413071,-0.6854920714759655,-1.136049883704491,1.564121221703129,0.2487511501534459,False,False,False,False,False,False,False,False,False,0.0,1.062328361664409,8.816,71.0,False,,0,0,0.8683929949947027,0.13160700500529726
alemtuzumab,QVQLQESGPGLVRPSQTLSLTCTVSGFTFTDFYMNWVRQPPGRGLEWIGFIRDKAKGYTTEYNPSVKGRVTMLVDTSKNQFSLRLSSVTAADTAVYYCAREGHTAAPFDYWGQGSLVTVSS,DIQMTQSPSSLSASVGDRVTITCKASQNIDKYLNWYQQKPGKAPKLLIYNTNNLQTGVPSRFSGSGSGTDFTFTISSLQPEDIATYYCLQHISRPRTFGQGTKVEIK,0,0,specific,0,121,107,3,5,8,121,0.4692496472413071,-0.6854920714759655,0.6152030931688771,1.564121221703129,1.5033221683186515,False,False,False,False,True,False,False,True,True,0.0,-0.7891989854609082,8.769,74.5,False,,0,1,0.21610536196168728,0.7838946380383127
alirocumab,EVQLVESGGGLVQPGGSLRLSCAASGFTFNNYAMNWVRQAPGKGLDWVSTISGSGGTTNYADSVKGRFIISRDSSKHTLYLQMNSLRAEDTAVYYCAKDSNWGNFDLWGRGTLVTVSS,DIVMTQSPDSLAVSLGERATINCKSSQSVLYRSNNRNFLGWYQQKPGQPPNLLIYWASTRESGVPDRFSGSGSGTDFTLTISSLQAEDVAVYYCQQYYTTPYTFGQGTKLEIK,0,0,specific,0,118,113,2,0,2,118,-0.4857145471445147,1.9359501359266251,0.1773898489505351,-0.7442510647798602,-0.3785343589291569,False,False,False,False,False,False,False,False,False,0.0,1.2305105389538458,9.036,71.5,False,,0,0,0.7939080998185841,0.20609190018141588
anifrolumab,EVQLVQSGAEVKKPGESLKISCKGSGYIFTNYWIAWVRQMPGKGLESMGIIYPGDSDIRYSPSFQGQVTISADKSITTAYLQWSSLKASDTAMYYCARHDIEGFDYWGRGTLVTVSS,EIVLTQSPGTLSLSPGERATLSCRASQSVSSSFFAWYQQKPGQAPRLLIYGASSRATGIPDRLSGSGSGTDFTLTITRLEPEDFAVYYCQQYDSSAITFGQGTRLEIK,0,0,specific,0,117,108,1,0,1,117,-0.8040359452731219,-0.248585036908867,-0.2604233952678069,-0.7442510647798602,-0.6921771134704583,False,False,False,False,False,False,False,False,False,0.0,-0.5613971335854627,8.799,62.5,False,,0,0,0.6147528562614962,0.3852471437385038
bavituximab,EVQLQQSGPELEKPGASVKLSCKASGYSFTGYNMNWVKQSHGKSLEWIGHIDPYYGDTSYNQKFRGKATLTVDKSSSTAYMQLKSLTSEDSAVYYCVKGGYYGHWYFDVWGAGTTVTVSS,DIQMTQSPSSLSASLGERVSLTCRASQDIGSSLNWLQQGPDGTIKRLIYATSSLDSGVPKRFSGSRSGSDYSLTISSLESEDFVDYYCLQYVSSPPTFGAGTKLELK,0,2,specific,1,120,107,4,-2,2,120,0.1509282491126998,-0.6854920714759655,1.053016337387219,-1.6675999793730558,-0.3785343589291569,False,False,False,False,False,False,False,False,False,0.5570368731420577,29.851202382637435,11.499,59.5,True,Tier A: PSR-based,0,0,0.5267010768673133,0.4732989231326868
belimumab,QVQLQQSGAEVKKPGSSVRVSCKASGGTFNNNAINWVRQAPGQGLEWMGGIIPMFGTAKYSQNFQGRVAITADESTGTASMELSSLRSEDTAVYYCARSRDLLLFPHHALSPWGRGTMVTVSS,SSELTQDPAVSVALGQTVRVTCQGDSLRSYYASWYQQKPGQAPVLVIYGKNNRPSGIPDRFSGSSSGNTASLTITGAQAEDEADYYCSSRDSSGNHWVFGGGTELTVL,6,8,non_specific,1,123,108,5,-2,3,123,1.1058924434985216,-0.248585036908867,1.490829581605561,-1.6675999793730558,-0.0648916043878554,False,False,False,False,False,False,False,False,False,0.0,0.7712519507842107,10.461,60.0,False,,1,1,0.03519663245180493,0.9648033675481951
bimagrumab,QVQLVQSGAEVKKPGASVKVSCKASGYTFTSSYINWVRQAPGQGLEWMGTINPVSGSTSYAQKFQGRVTMTRDTSISTAYMELSRLRSDDTAVYYCARGGWFDYWGQGTLVTVSS,QSALTQPASVSGSPGQSITISCTGTSSDVGSYNYVNWYQQHPGKAPKLMIYGVSKRPSGVSNRFSGSKSGNTASLTISGLQAEDEADYYCGTFAGGSYYGVFGGGTKLTVL,0,4,specific,1,115,111,4,3,7,115,-1.4406787415303364,1.0621360667924284,1.053016337387219,0.6407723071099333,1.18967941377735,False,False,False,False,False,False,False,False,False,0.6965555618675863,29.64509490013043,10.125,72.0,True,Tier A: PSR-based,0,1,0.4595813916411312,0.5404186083588688
blosozumab,QVQLVQSGAEVKKPGASVKVSCKVSGFPIKDTFQHWVRQAPGKGLEWMGWSDPEIGDTEYASKFQGRVTMTEDTSTDTAYMELSSLRSEDTAVYYCATGDTTYKFDFWGQGTTVTVSS,DIQMTQSPSSLSASVGDRVTITCKASQDVHTAVAWYQQKPGKAPKLLIYWASTRWTGVPSRFSGSGSGTDFTLTISSLQPEDFATYYCQQYSDYPWTFGGGTKVEIK,6,9,non_specific,1,118,107,-3,2,-1,118,-0.4857145471445147,-0.6854920714759655,-2.0116763721411752,0.1790978498133354,-1.319462622553061,False,False,False,False,False,False,False,False,False,0.2082434217055435,11.472475883134644,9.241,70.5,False,,1,0,0.8628952121597565,0.13710478784024346
bococizumab,QVQLVQSGAEVKKPGASVKVSCKASGYTFTSYYMHWVRQAPGQGLEWMGEISPFGGRTNYNEKFKSRVTMTRDTSTSTVYMELSSLRSEDTAVYYCARERPLYASDLWGQGTTVTVSS,DIQMTQSPSSLSASVGDRVTITCRASQGISSALAWYQQKPGKAPKLLIYSASYRYTGVPSRFSGSGSGTDFTFTISSLQPEDIATYYCQQRYSLWRTFGQGTKLEIK,6,9,non_specific,1,118,107,4,5,9,118,-0.4857145471445147,-0.6854920714759655,1.053016337387219,1.564121221703129,1.816964922859953,False,False,False,False,False,False,False,False,False,0.7601842867698116,29.64509490013043,10.179,67.0,False,,1,1,0.46320820971282484,0.5367917902871752
briakinumab,QVQLVESGGGVVQPGRSLRLSCAASGFTFSSYGMHWVRQAPGKGLEWVAFIRYDGSNKYYADSVKGRFTISRDNSKNTLYLQMNSLRAEDTAVYYCKTHGSHDNWGQGTMVTVSS,QSVLTQPPSVSGAPGQRVTISCSGSRSNIGSNTVKWYQQLPGTAPKLLIYYNDQRPSGVPDRFSGSKSGTSASLAITGLQAEDEADYYCQSYDRYTHPALLFGTGTKVTVL,4,8,non_specific,1,115,111,7,3,10,115,-1.4406787415303364,1.0621360667924284,2.3664560700422452,0.6407723071099333,2.130607677401254,False,False,False,False,False,False,False,False,False,0.5560592534086306,29.64509490013043,9.359,71.5,False,,1,0,0.7052966883715142,0.2947033116284859
canakinumab,QVQLVESGGGVVQPGRSLRLSCAASGFTFSVYGMNWVRQAPGKGLEWVAIIWYDGDNQYYADSVKGRFTISRDNSKNTLYLQMNGLRAEDTAVYYCARDLRTGPFDYWGQGTLVTVSS,EIVLTQSPDFQSVTPKEKVTITCRASQSIGSSLHWYQQKPDQSPKLLIKYASQSFSGVPSRFSGSGSGTDFTLTINSLEAEDAAAYYCHQSSSLPFTFGPGTKVDIK,0,0,specific,0,118,107,1,2,3,118,-0.4857145471445147,-0.6854920714759655,-0.2604233952678069,0.1790978498133354,-0.0648916043878554,False,False,False,False,False,False,False,False,False,0.0,0.6699380678068486,9.321,72.0,False,,0,0,0.7767512711747415,0.22324872882525848
carlumab,QVQLVQSGAEVKKPGSSVKVSCKASGGTFSSYGISWVRQAPGQGLEWMGGIIPIFGTANYAQKFQGRVTITADESTSTAYMELSSLRSEDTAVYYCARYDGIYGELDFWGQGTLVTVSS,EIVLTQSPATLSLSPGERATLSCRASQSVSDAYLAWYQQKPGQAPRLLIYDASSRATGVPARFSGSGSGTDFTLTISSLEPEDFAVYYCHQYIQLHSFTFGQGTKVEIK,4,5,non_specific,1,119,109,-1,1,0,119,-0.1673931490159074,0.1883219976582314,-1.136049883704491,-0.2825766074832624,-1.0058198680117596,False,False,False,False,False,False,False,False,False,0.2115823064950124,-0.4380321771813363,11.167,69.5,False,,1,1,0.37109929545002995,0.62890070454997
certolizumab,EVQLVESGGGLVQPGGSLRLSCAASGYVFTDYGMNWVRQAPGKGLEWMGWINTYIGEPIYADSVKGRFTFSLDTSKSTAYLQMNSLRAEDTAVYYCARGYRSYAMDYWGQGTLVTVSS,DIQMTQSPSSLSASVGDRVTITCKASQNVGTNVAWYQQKPGKAPKALIYSASFLYSGVPYRFSGSGSGTDFTLTISSLQPEDFATYYCQQYNIYPLTFGQGTKVEIK,0,0,specific,0,118,107,-1,2,1,118,-0.4857145471445147,-0.6854920714759655,-1.136049883704491,0.1790978498133354,-0.6921771134704583,False,False,False,False,False,False,False,False,False,0.0,0.1630953670850959,11.478,81.5,False,,0,0,0.7691451104349677,0.2308548895650323
cetuximab,QVQLKQSGPGLVQPSQSLSITCTVSGFSLTNYGVHWVRQSPGKGLEWLGVIWSGGNTDYNTPFTSRLSINKDNSKSQVFFKMNSLQSNDTAIYYCARALTYYDYEFAYWGQGTLVTVSA,DILLTQSPVILSVSPGERVSFSCRASQSIGTNIHWYQQRTNGSPRLLIKYASESISGIPSRFSGSGSGTDFTLSINSVESEDIADYYCQQNNNWPTTFGAGTKLELK,0,0,specific,0,119,107,3,0,3,119,-0.1673931490159074,-0.6854920714759655,0.6152030931688771,-0.7442510647798602,-0.0648916043878554,False,False,False,False,True,False,False,True,True,0.0,1.2999612612528957,10.11,68.5,False,,0,0,0.5868446870949517,0.4131553129050482
cixutumumab,EVQLVQSGAEVKKPGSSVKVSCKASGGTFSSYAISWVRQAPGQGLEWMGGIIPIFGTANYAQKFQGRVTITADKSTSTAYMELSSLRSEDTAVYYCARAPLRFLEWSTQDHYYYYYMDVWGKGTTVTVSS,SSELTQDPAVSVALGQTVRITCQGDSLRSYYATWYQQKPGQAPILVIYGENKRPSGIPDRFSGSSSGNTASLTITGAQAEDEADYYCKSRDGSGQHLVFGGGTKLTVL,6,10,non_specific,1,130,108,3,0,3,130,3.3341422303987724,-0.248585036908867,0.6152030931688771,-0.7442510647798602,-0.0648916043878554,True,False,False,True,False,False,False,False,True,0.6570238935398882,29.64509490013043,11.76,73.5,False,,1,1,0.17731826423291264,0.8226817357670874
clazakizumab,EVQLVESGGGLVQPGGSLRLSCAASGFSLSNYYVTWVRQAPGKGLEWVGIIYGSDETAYATSAIGRFTISRDNSKNTLYLQMNSLRAEDTAVYYCARDDSSDWDAKFNLWGQGTLVTVSS,AIQMTQSPSSLSASVGDRVTITCQASQSINNELSWYQQKPGKAPKLLIYRASTLASGVPSRFSGSGSGTDFTLTISSLQPDDFATYYCQQGYSLRNIDNAFGGGTKVEIK,0,0,specific,0,120,110,-3,2,-1,120,0.1509282491126998,0.6252290322253299,-2.0116763721411752,0.1790978498133354,-1.319462622553061,False,False,False,False,False,False,False,False,False,0.0,0.9300457109314908,9.568,69.5,False,,0,0,0.7986817976285117,0.20131820237148837
codrituzumab,QVQLVQSGAEVKKPGASVKVSCKASGYTFTDYEMHWVRQAPGQGLEWMGALDPKTGDTAYSQKFKGRVTLTADKSTSTAYMELSSLTSEDTAVYYCTRFYSYTYWGQGTLVTVSS,DVVMTQSPLSLPVTPGEPASISCRSSQSLVHSNRNTYLHWYLQKPGQSPQLLIYKVSNRFSGVPDRFSGSGSGTDFTLKISRVEAEDVGVYYCSQNTHVPPTFGQGTKLEIK,6,8,non_specific,1,115,112,2,5,7,115,-1.4406787415303364,1.499043101359527,0.1773898489505351,1.564121221703129,1.18967941377735,False,False,False,False,False,False,False,False,False,0.1479866030148163,-0.2857189383823876,8.836,73.0,False,,1,0,0.5765868083865616,0.4234131916134384
dacetuzumab,EVQLVESGGGLVQPGGSLRLSCAASGYSFTGYYIHWVRQAPGKGLEWVARVIPNAGGTSYNQKFKGRFTLSVDNSKNTAYLQMNSLRAEDTAVYYCAREGIYWWGQGTLVTVSS,DIQMTQSPSSLSASVGDRVTITCRSSQSLVHSNGNTFLHWYQQKPGKAPKLLIYTVSNRFSGVPSRFSGSGSGTDFTLTISSLQPEDFATYFCSQTTHVPWTFGQGTKVEIK,0,0,specific,0,114,112,4,6,10,114,-1.7590001396589436,1.499043101359527,1.053016337387219,2.0257956789997267,2.130607677401254,False,False,False,False,False,False,False,False,False,0.0,-0.0146761667615086,8.466,68.0,False,,0,1,0.25839935897396404,0.741600641026036
dalotuzumab,QVQLQESGPGLVKPSETLSLTCTVSGYSITGGYLWNWIRQPPGKGLEWIGYISYDGTNNYKPSLKDRVTISRDTSKNQFSLKLSSVTAADTAVYYCARYGRVFFDYWGQGTLVTVSS,DIVMTQSPLSLPVTPGEPASISCRSSQSIVHSNGNTYLQWYLQKPGQSPQLLIYKVSNRLYGVPDRFSGSGSGTDFTLKISRVEAEDVGVYYCFQGSHVPWTFGQGTKVEIK,5,8,non_specific,1,117,112,3,3,6,117,-0.8040359452731219,1.499043101359527,0.6152030931688771,0.6407723071099333,0.8760366592360488,False,False,False,False,False,True,False,True,True,0.3996481249533758,13.680590019875655,9.891,77.0,False,,1,1,0.319284345134182,0.680715654865818
daratumumab,EVQLLESGGGLVQPGGSLRLSCAVSGFTFNSFAMSWVRQAPGKGLEWVSAISGSGGGTYYADSVKGRFTISRDNSKNTLYLQMNSLRAEDTAVYFCAKDKILWFGEPVFDYWGQGTLVTVSS,EIVLTQSPATLSLSPGERATLSCRASQSVSSYLAWYQQKPGQAPRLLIYDASNRATGIPARFSGSGSGTDFTLTISSLEPEDFAVYYCQQRSNWPPTFGQGTKVEIK,0,0,specific,0,122,107,0,1,1,122,0.7875710453699143,-0.6854920714759655,-0.6982366394861489,-0.2825766074832624,-0.6921771134704583,False,False,False,False,False,False,False,False,False,0.0,1.80923047610872,9.514,71.0,False,,0,1,0.43952072046953394,0.5604792795304661
denosumab,EVQLLESGGGLVQPGGSLRLSCAASGFTFSSYAMSWVRQAPGKGLEWVSGITGSGGSTYYADSVKGRFTISRDNSKNTLYLQMNSLRAEDTAVYYCAKDPGTTVIMSWFDPWGQGTLVTVSS,EIVLTQSPGTLSLSPGERATLSCRASQSVRGRYLAWYQQKPGQAPRLLIYGASSRATGIPDRFSGSGSGTDFTLTISRLEPEDFAVFYCQQYGSSPRTFGQGTKVEIK,5,7,non_specific,1,122,108,0,4,4,122,0.7875710453699143,-0.248585036908867,-0.6982366394861489,1.1024467644065312,0.2487511501534459,False,False,False,False,False,False,False,False,False,0.0,5.90792488228362,8.501,69.5,False,,1,0,0.6226211104793236,0.37737888952067644
drozitumab,EVQLVQSGGGVERPGGSLRLSCAASGFTFDDYAMSWVRQAPGKGLEWVSGINWQGGSTGYADSVKGRVTISRDNAKNSLYLQMNSLRAEDTAVYYCAKILGAGRGWYFDYWGKGTTVTVSS,SELTQDPAVSVALGQTVRITCSGDSLRSYYASWYQQKPGQAPVLVIYGANNRPSGIPDRFSGSSSGNTASLTITGAQAEDEADYYCNSADSSGNHVVFGGGTKLTVL,0,2,specific,0,121,107,2,-2,0,121,0.4692496472413071,-0.6854920714759655,0.1773898489505351,-1.6675999793730558,-1.0058198680117596,False,False,False,False,False,False,False,False,False,0.0,29.64509490013043,9.29,63.0,False,,0,0,0.7152799351405036,0.2847200648594964
duligotuzumab,EVQLVESGGGLVQPGGSLRLSCAASGFTLSGDWIHWVRQAPGKGLEWVGEISAAGGYTDYADSVKGRFTISADTSKNTAYLQMNSLRAEDTAVYYCARESRVSFEAAMDYWGQGTLVTVSS,DIQMTQSPSSLSASVGDRVTITCRASQNIATDVAWYQQKPGKAPKLLIYSASFLYSGVPSRFSGSGSGTDFTLTISSLQPEDFATYYCQQSEPEPYTFGQGTKVEIK,6,9,non_specific,1,121,107,-3,-1,-4,121,0.4692496472413071,-0.6854920714759655,-2.0116763721411752,-1.205925522076458,-2.2603908861769653,False,False,False,False,False,False,False,False,False,0.3344399631930372,29.64509490013043,10.206,67.5,False,,1,0,0.6261252344433961,0.373874765556604
dupilumab,EVQLVESGGGLEQPGGSLRLSCAGSGFTFRDYAMTWVRQAPGKGLEWVSSISGSGGNTYYADSVKGRFTISRDNSKNTLYLQMNSLRAEDTAVYYCAKDRLSITIRPRYYGLDVWGQGTTVTVSS,DIVMTQSPLSLPVTPGEPASISCRSSQSLLYSIGYNYLDWYLQKSGQSPQLLIYLGSNRASGVPDRFSGSGSGTDFTLKISRVEAEDVGFYYCMQALQTPYTFGQGTKLEIK,5,6,non_specific,1,125,112,2,-1,1,125,1.742535239755736,1.499043101359527,0.1773898489505351,-1.205925522076458,-0.6921771134704583,False,False,False,False,False,False,False,False,False,0.1468761136483416,10.804212296248885,10.159,76.5,False,,1,0,0.5435139540049916,0.45648604599500847
eculizumab,QVQLVQSGAEVKKPGASVKVSCKASGYIFSNYWIQWVRQAPGQGLEWMGEILPGSGSTEYTENFKDRVTMTRDTSTSTVYMELSSLRSEDTAVYYCARYFFGSSPNWYFDVWGQGTLVTVSS,DIQMTQSPSSLSASVGDRVTITCGASENIYGALNWYQQKPGKAPKLLIYGATNLADGVPSRFSGSGSGTDFTLTISSLQPEDFATYYCQNVLNTPLTFGQGTKVEIK,0,0,specific,0,122,107,-1,-1,-2,122,0.7875710453699143,-0.6854920714759655,-1.136049883704491,-1.205925522076458,-1.6331053770943624,False,False,False,False,False,False,False,False,False,0.0,0.043333,10.41,66.0,False,,0,0,0.5513304873797631,0.44866951262023697
eldelumab,QMQLVESGGGVVQPGRSLRLSCTASGFTFSNNGMHWVRQAPGKGLEWVAVIWFDGMNKFYVDSVKGRFTISRDNSKNTLYLEMNSLRAEDTAIYYCAREGDGSGIYYYYGMDVWGQGTTVTVSS,EIVLTQSPGTLSLSPGERATLSCRASQSVSSSYLAWYQQKPGQAPRLLIYGASSRATGIPDRFSGSGSGTDFTLTISRLEPEDFAVYYCQQYGSSPIFTFGPGTKVDIK,0,3,specific,1,124,109,1,1,2,124,1.4242138416271288,0.1883219976582314,-0.2604233952678069,-0.2825766074832624,-0.3785343589291569,False,False,False,False,False,False,False,False,False,0.0,1.2125200258514,12.422,59.5,True,Tier A: PSR-based,0,0,0.8242774918358438,0.17572250816415627
elotuzumab,EVQLVESGGGLVQPGGSLRLSCAASGFDFSRYWMSWVRQAPGKGLEWIGEINPDSSTINYAPSLKDKFIISRDNAKNSLYLQMNSLRAEDTAVYYCARPDGNYWYFDVWGQGTLVTVSS,DIQMTQSPSSLSASVGDRVTITCKASQDVGIAVAWYQQKPGKVPKLLIYWASTRHTGVPDRFSGSGSGTDFTLTISSLQPEDVATYYCQQYSSYPYTFGQGTKVEIK,0,0,specific,0,119,107,-2,2,0,119,-0.1673931490159074,-0.6854920714759655,-1.573863127922833,0.1790978498133354,-1.0058198680117596,False,False,False,False,False,False,False,False,False,0.0,-0.2244689102300673,10.314,83.5,False,,0,0,0.822417091942168,0.17758290805783195
emibetuzumab,QVQLVQSGAEVKKPGASVKVSCKASGYTFTDYYMHWVRQAPGQGLEWMGRVNPNRRGTTYNQKFEGRVTMTTDTSTSTAYMELRSLRSDDTAVYYCARANWLDYWGQGTTVTVSS,DIQMTQSPSSLSASVGDRVTITCSVSSSVSSIYLHWYQQKPGKAPKLLIYSTSNLASGVPSRFSGSGSGTDFTLTISSLQPEDFATYYCQVYSGYPLTFGGGTKVEIK,6,9,non_specific,1,115,108,5,2,7,115,-1.4406787415303364,-0.248585036908867,1.490829581605561,0.1790978498133354,1.18967941377735,False,False,False,False,False,False,False,False,False,0.6431427690118359,29.64509490013043,9.638,71.5,False,,1,1,0.46736040615164276,0.5326395938483572
farletuzumab,EVQLVESGGGVVQPGRSLRLSCSASGFTFSGYGLSWVRQAPGKGLEWVAMISSGGSYTYYADSVKGRFAISRDNAKNTLFLQMDSLRPEDTGVYFCARHGDDPAWFAYWGQGTPVTVSS,DIQLTQSPSSLSASVGDRVTITCSVSSSISSNNLHWYQQKPGKAPKPWIYGTSNLASGVPSRFSGSGSGTDYTFTISSLQPEDIATYYCQQWSSYPYMYTFGQGTKVEIK,0,0,specific,0,119,110,1,2,3,119,-0.1673931490159074,0.6252290322253299,-0.2604233952678069,0.1790978498133354,-0.0648916043878554,False,False,False,False,False,True,False,True,True,0.0,-0.5019252748286357,9.491,75.5,False,,0,1,0.38504332185689216,0.6149566781431078
fasinumab,QVQLVQSGAEVKKPGASVKVSCKVSGFTLTELSIHWVRQAPGKGLEWMGGFDPEDGETIYAQKFQGRVTMTEDTSTDTAYMELTSLRSEDTAVYYCSTIFGVVTNFDNWGQGTLVTVSS,DIQMTQSPSSLSASAGDRVTITCRASQAIRNDLGWYQQKPGKAPKRLIYAAFNLQSGVPSRFSGSGSGTEFTLTISSLQPEDLASYYCQQYNRYPWTFGQGTKVEIK,0,0,specific,0,119,107,-4,4,0,119,-0.1673931490159074,-0.6854920714759655,-2.449489616359517,1.1024467644065312,-1.0058198680117596,False,False,False,False,False,False,False,False,False,0.0,-0.6719270715475414,10.026,71.0,False,,0,0,0.7277315263536169,0.27226847364638307
ficlatuzumab,QVQLVQPGAEVKKPGTSVKLSCKASGYTFTTYWMHWVRQAPGQGLEWIGEINPTNGHTNYNQKFQGRATLTVDKSTSTAYMELSSLRSEDTAVYYCARNYVGSIFDYWGQGTLLTVSS,DIVMTQSPDSLAMSLGERVTLNCKASENVVSYVSWYQQKPGQSPKLLIYGASNRESGVPDRFSGSGSATDFTLTISSVQAEDVADYHCGQSYNYPYTFGQGTKLEIK,0,0,specific,0,118,107,4,-2,2,118,-0.4857145471445147,-0.6854920714759655,1.053016337387219,-1.6675999793730558,-0.3785343589291569,False,False,False,False,False,False,False,False,False,0.0,-0.8937858080471764,9.421,75.0,False,,0,0,0.5428239841621457,0.4571760158378543
fletikumab,QVQLVQSGAEVKRPGASVKVSCKASGYTFTNDIIHWVRQAPGQRLEWMGWINAGYGNTQYSQNFQDRVSITRDTSASTAYMELISLRSEDTAVYYCAREPLWFGESSPHDYYGMDVWGQGTTVTVSS,AIQLTQSPSSLSASVGDRVTITCRASQGISSALAWYQQKPGKAPKLLIYDASSLESGVPSRFSGSGSGTDFTLTISSLQPEDFATYYCQQFNSYPLTFGGGTKVEIK,0,0,specific,0,127,107,0,1,1,127,2.3791780360129504,-0.6854920714759655,-0.6982366394861489,-0.2825766074832624,-0.6921771134704583,False,False,False,False,False,False,False,False,False,0.0,-0.1254578092934176,11.038,71.5,False,,0,0,0.556455383730892,0.443544616269108
fresolimumab,QVQLVQSGAEVKKPGSSVKVSCKASGYTFSSNVISWVRQAPGQGLEWMGGVIPIVDIANYAQRFKGRVTITADESTSTTYMELSSLRSEDTAVYYCASTLGLVLDAMDYWGQGTLVTVSS,ETVLTQSPGTLSLSPGERATLSCRASQSLGSSYLAWYQQKPGQAPRLLIYGASSRAPGIPDRFSGSGSGTDFTLTISRLEPEDFAVYYCQQYADSPITFGQGTRLEIK,0,0,specific,0,120,108,-1,0,-1,120,0.1509282491126998,-0.248585036908867,-1.136049883704491,-0.7442510647798602,-1.319462622553061,False,False,False,False,False,False,False,False,False,0.0,-0.5150833213308835,10.875,74.0,False,,0,1,0.46311457069181483,0.5368854293081852
galiximab,QVQLQESGPGLVKPSETLSLTCAVSGGSISGGYGWGWIRQPPGKGLEWIGSFYSSSGNTYYNPSLKSQVTISTDTSKNQFSLKLNSMTAADTAVYYCVRDRLFSVVGMVYNNWFDVWGPGVLVTVSS,ESALTQPPSVSGAPGQKVTISCTGSTSNIGGYDLHWYQQLPGTAPKLLIYDINKRPSGISDRFSGSKSGTAASLAITGLQTEDEADYYCQSYDSSLNAQVFGGGTRLTVL,0,1,specific,0,127,110,1,-1,0,127,2.3791780360129504,0.6252290322253299,-0.2604233952678069,-1.205925522076458,-1.0058198680117596,False,False,False,False,False,False,False,False,False,0.0,1.0937136443025857,12.198,67.5,False,,0,1,0.20434161258921457,0.7956583874107854
ganitumab,QVQLQESGPGLVKPSGTLSLTCAVSGGSISSSNWWSWVRQPPGKGLEWIGEIYHSGSTNYNPSLKSRVTISVDKSKNQFSLKLSSVTAADTAVYYCARWTGRTDAFDIWGQGTMVTVSS,DVVMTQSPLSLPVTPGEPASISCRSSQSLLHSNGYNYLDWYLQKPGQSPQLLIYLGSNRASGVPDRFSGSGSGTDFTLKISRVEAEDVGVYYCMQGTHWPLTFGQGTKVEIK,0,2,specific,1,119,112,4,1,5,119,-0.1673931490159074,1.499043101359527,1.053016337387219,-0.2825766074832624,0.5623939046947474,False,False,False,False,False,True,False,True,True,0.5528448378515598,4.77483289417163,9.334,78.5,True,Tier A: PSR-based,0,1,0.35235032273733524,0.6476496772626648
gantenerumab,QVELVESGGGLVQPGGSLRLSCAASGFTFSSYAMSWVRQAPGKGLEWVSAINASGTRTYYADSVKGRFTISRDNSKNTLYLQMNSLRAEDTAVYYCARGKGNTHKPYGYVRYFDVWGQGTLVTVSS,DIVLTQSPATLSLSPGERATLSCRASQSVSSSYLAWYQQKPGQAPRLLIYGASSRATGVPARFSGSGSGTDFTLTISSLEPEDFATYYCLQIYNMPITFGQGTKVEIK,6,8,non_specific,1,126,108,6,1,7,126,2.0608566378843434,-0.248585036908867,1.928642825823903,-0.2825766074832624,1.18967941377735,False,False,False,False,False,False,False,False,False,0.5526000371608855,6.957989416174726,9.004,77.5,False,,1,1,0.32316236239993756,0.6768376376000624
gemtuzumab,EVQLVQSGAEVKKPGSSVKVSCKASGYTITDSNIHWVRQAPGQSLEWIGYIYPYNGGTDYNQKFKNRATLTVDNPTNTAYMELSSLRSEDTAFYYCVNGNPWLAYWGQGTLVTVSS,DIQLTQSPSTLSASVGDRVTITCRASESLDNYGIRFLTWFQQKPGKAPKLLMYAASNQGSGVPSRFSGSGSGTEFTLTISSLQPDDFATYYCQQTKEVPWSFGQGTKVEVK,0,1,specific,0,116,111,1,1,2,116,-1.122357343401729,1.0621360667924284,-0.2604233952678069,-0.2825766074832624,-0.3785343589291569,False,False,False,False,True,True,True,True,True,0.0,1.0200510475198838,12.259,72.5,False,,0,0,0.5529223526220133,0.4470776473779867
gevokizumab,QVQLQESGPGLVKPSQTLSLTCSFSGFSLSTSGMGVGWIRQPSGKGLEWLAHIWWDGDESYNPSLKSRLTISKDTSKNQVSLKITSVTAADTAVYFCARNRYDPPWFVDWGQGTLVTVSS,DIQMTQSTSSLSASVGDRVTITCRASQDISNYLSWYQQKPGKAVKLLIYYTSKLHSGVPSRFSGSGSGTDYTLTISSLQQEDFATYFCLQGKMLPWTFGQGTKLEIK,0,0,specific,0,120,107,2,4,6,120,0.1509282491126998,-0.6854920714759655,0.1773898489505351,1.1024467644065312,0.8760366592360488,False,False,False,False,False,False,False,False,False,0.0,-0.5147700660009676,8.828,71.5,False,,0,1,0.32973833882342385,0.6702616611765762
girentuximab,DVKLVESGGGLVKLGGSLKLSCAASGFTFSNYYMSWVRQTPEKRLELVAAINSDGGITYYLDTVKGRFTISRDNAKNTLYLQMSSLKSEDTALFYCARHRSGYFSMDYWGQGTSVTVSS,DIVMTQSQRFMSTTVGDRVSITCKASQNVVSAVAWYQQKPGQSPKLLIYSASNRYTGVPDRFTGSGSGTDFTLTISNMQSEDLADFFCQQYSNYPWTFGGGTKLEIK,0,0,specific,0,119,107,4,1,5,119,-0.1673931490159074,-0.6854920714759655,1.053016337387219,-0.2825766074832624,0.5623939046947474,False,False,False,False,True,True,False,True,True,0.0,-0.7518211058788499,9.081,63.0,False,,0,1,0.48808527462055773,0.5119147253794423
ibalizumab,QVQLQQSGPEVVKPGASVKMSCKASGYTFTSYVIHWVRQKPGQGLDWIGYINPYNDGTDYDEKFKGKATLTSDTSTSTAYMELSSLRSEDTAVYYCAREKDNYATGAWFAYWGQGTLVTVSS,DIVMTQSPDSLAVSLGERVTMNCKSSQSLLYSTNQKNYLAWYQQKPGQSPKLLIYWASTRESGVPDRFSGSGSGTDFTLTISSVQAEDVAVYYCQQYYSYRTFGGGTKLEIK,0,0,specific,0,122,112,0,1,1,122,0.7875710453699143,1.499043101359527,-0.6982366394861489,-0.2825766074832624,-0.6921771134704583,False,False,False,False,False,False,False,False,False,0.0,-0.3393042568130033,10.237,72.0,False,,0,0,0.7349565841568639,0.2650434158431361
imgatuzumab,QVQLVQSGAEVKKPGSSVKVSCKASGFTFTDYKIHWVRQAPGQGLEWMGYFNPNSGYSTYAQKFQGRVTITADKSTSTAYMELSSLRSEDTAVYYCARLSPGGYYVMDAWGQGTTVTVSS,DIQMTQSPSSLSASVGDRVTITCRASQGINNYLNWYQQKPGKAPKRLIYNTNNLQTGVPSRFSGSGSGTEFTLTISSLQPEDFATYYCLQHNSFPTFGQGTKLEIK,5,6,non_specific,1,120,106,4,4,8,120,0.1509282491126998,-1.1223991060430638,1.053016337387219,1.1024467644065312,1.5033221683186515,False,False,False,False,False,False,False,False,False,0.0,0.8938737657378684,10.09,71.5,False,,1,1,0.42333575673165147,0.5766642432683485
infliximab,EVKLEESGGGLVQPGGSMKLSCVASGFIFSNHWMNWVRQSPEKGLEWVAEIRSKSINSATHYAESVKGRFTISRDDSKSAVYLQMTDLRTEDTGVYYCSRNYYGSTYDYWGQGTTLTVSS,DILLTQSPAILSVSPGERVSFSCRASQFVGSSIHWYQQRTNGSPRLLIKYASESMSGIPSRFSGSGSGTDFTLSINTVESEDIADYYCQQSHSWPFTFGSGTNLEVK,0,3,specific,1,120,107,1,0,1,120,0.1509282491126998,-0.6854920714759655,-0.2604233952678069,-0.7442510647798602,-0.6921771134704583,False,False,False,False,True,False,False,True,True,0.0,29.64509490013043,10.36,64.5,True,Tier B: Clinical evidence,0,0,0.7007110787447903,0.29928892125520973
ixekizumab,QVQLVQSGAEVKKPGSSVKVSCKASGYSFTDYHIHWVRQAPGQGLEWMGVINPMYGTTDYNQRFKGRVTITADESTSTAYMELSSLRSEDTAVYYCARYDYFTGTGVYWGQGTLVTVSS,DIVMTQTPLSLSVTPGQPASISCRSSRSLVHSRGNTYLHWYLQKPGQSPQLLIYKVSNRFIGVPDRFSGSGSGTDFTLKISRVEAEDVGVYYCSQSTHLPFTFGQGTKLEIK,6,9,non_specific,1,119,112,2,7,9,119,-0.1673931490159074,1.499043101359527,0.1773898489505351,2.4874701362963245,1.816964922859953,False,False,False,False,False,False,False,False,False,0.8098172517111,19.952342859717294,10.936,83.0,False,,1,1,0.4955190498289026,0.5044809501710974
lampalizumab,EVQLVQSGPELKKPGASVKVSCKASGYTFTNYGMNWVRQAPGQGLEWMGWINTYTGETTYADDFKGRFVFSLDTSVSTAYLQISSLKAEDTAVYYCEREGGVNNWGQGTLVTVSS,DIQVTQSPSSLSASVGDRVTITCITSTDIDDDMNWYQQKPGKVPKLLISGGNTLRPGVPSRFSGSGSGTDFTLTISSLQPEDVATYYCLQSDSLPYTFGQGTKVEIK,0,1,specific,0,115,107,-2,-3,-5,115,-1.4406787415303364,-0.6854920714759655,-1.573863127922833,-2.1292744366696534,-2.574033640718267,False,False,True,True,False,False,False,False,True,0.0,0.4941767225867576,9.25,67.0,False,,0,0,0.8668647215604193,0.13313527843958067
lebrikizumab,QVTLRESGPALVKPTQTLTLTCTVSGFSLSAYSVNWIRQPPGKALEWLAMIWGDGKIVYNSALKSRLTISKDTSKNQVVLTMTNMDPVDTATYYCAGDGYYPYAMDNWGQGSLVTVSS,DIVMTQSPDSLSVSLGERATINCRASKSVDSYGNSFMHWYQQKPGQPPKLLIYLASNLESGVPDRFSGSGSGTDFTLTISSLQAEDVAVYYCQQNNEDPRTFGGGTKVEIK,0,1,specific,0,118,111,1,-2,-1,118,-0.4857145471445147,1.0621360667924284,-0.2604233952678069,-1.6675999793730558,-1.319462622553061,False,False,False,False,False,False,False,False,False,0.0,0.2553262101188233,12.381,66.0,False,,0,1,0.42351408970535687,0.5764859102946431
lenzilumab,QVQLVQSGAEVKKPGASVKVSCKASGYSFTNYYIHWVRQAPGQRLEWMGWINAGNGNTKYSQKFQGRVTITRDTSASTAYMELSSLRSEDTAVYYCVRRQRFPYYFDYWGQGTLVTVSS,EIVLTQSPATLSVSPGERATLSCRASQSVGTNVAWYQQKPGQAPRVLIYSTSSRATGITDRFSGSGSGTDFTLTISRLEPEDFAVYYCQQFNKSPLTFGGGTKVEIK,6,9,non_specific,1,119,107,8,2,10,119,-0.1673931490159074,-0.6854920714759655,2.804269314260587,0.1790978498133354,2.130607677401254,False,False,False,False,False,False,False,False,False,0.6551284845893702,29.64509490013043,8.722,74.0,False,,1,1,0.16612177708811982,0.8338782229118802
lintuzumab,QVQLVQSGAEVKKPGSSVKVSCKASGYTFTDYNMHWVRQAPGQGLEWIGYIYPYNGGTGYNQKFKSKATITADESTNTAYMELSSLRSEDTAVYYCARGRPAMDYWGQGTLVTVSS,DIQMTQSPSSLSASVGDRVTITCRASESVDNYGISFMNWFQQKPGKAPKLLIYAASNQGSGVPSRFSGSGSGTDFTLTISSLQPDDFATYYCQQSKEVPWTFGQGTKVEIK,0,0,specific,0,116,111,3,0,3,116,-1.122357343401729,1.0621360667924284,0.6152030931688771,-0.7442510647798602,-0.0648916043878554,False,False,False,False,False,False,False,False,False,0.0,0.8859881084878957,10.874,75.5,False,,0,0,0.6226610310259697,0.3773389689740303
matuzumab,QVQLVQSGAEVKKPGASVKVSCKASGYTFTSHWMHWVRQAPGQGLEWIGEFNPSNGRTNYNEKFKSKATMTVDTSTNTAYMELSSLRSEDTAVYYCASRDYDYDGRYFDYWGQGTLVTVSS,DIQMTQSPSSLSASVGDRVTITCSASSSVTYMYWYQQKPGKAPKLLIYDTSNLASGVPSRFSGSGSGTDYTFTISSLQPEDIATYYCQQWSSHIFTFGQGTKVEIK,0,0,specific,0,121,106,2,1,3,121,0.4692496472413071,-1.1223991060430638,0.1773898489505351,-0.2825766074832624,-0.0648916043878554,False,False,False,False,False,False,False,False,False,0.0,-0.9272078922528316,9.84,72.0,False,,0,0,0.7756883582632191,0.22431164173678084
mavrilimumab,QVQLVQSGAEVKKPGASVKVSCKVSGYTLTELSIHWVRQAPGKGLEWMGGFDPEENEIVYAQRFQGRVTMTEDTSTDTAYMELSSLRSEDTAVYYCAIVGSFSPLTLGLWGQGTMVTVSS,QSVLTQPPSVSGAPGQRVTISCTGSGSNIGAPYDVSWYQQLPGTAPKLLIYHNNKRPSGVPDRFSGSKSGTSASLAITGLQAEDEADYYCATVEAGLSGSVFGGGTKLTVL,0,0,specific,0,120,111,-3,1,-2,120,0.1509282491126998,1.0621360667924284,-2.0116763721411752,-0.2825766074832624,-1.6331053770943624,False,False,False,False,False,False,False,False,False,0.0,-0.7787536595715207,10.296,68.5,False,,0,1,0.4567726201732569,0.5432273798267431
mepolizumab,QVTLRESGPALVKPTQTLTLTCTVSGFSLTSYSVHWVRQPPGKGLEWLGVIWASGGTDYNSALMSRLSISKDTSRNQVVLTMTNMDPVDTATYYCARDPPSSLLRLDYWGRGTPVTVSS,DIVMTQSPDSLAVSLGERATINCKSSQSLLNSGNQKNYLAWYQQKPGQPPKLLIYGASTRESGVPDRFSGSGSGTDFTLTISSLQAEDVAVYYCQNVHSFPFTFGGGTKLEIK,0,0,specific,0,119,113,3,1,4,119,-0.1673931490159074,1.9359501359266251,0.6152030931688771,-0.2825766074832624,0.2487511501534459,False,False,False,False,False,False,False,False,False,0.0,-0.9566370687348312,9.238,78.5,False,,0,1,0.19804625616014349,0.8019537438398565
mogamulizumab,EVQLVESGGDLVQPGRSLRLSCAASGFIFSNYGMSWVRQAPGKGLEWVATISSASTYSYYPDSVKGRFTISRDNAKNSLYLQMNSLRVEDTALYYCGRHSDGNFAFGYWGQGTLVTVSS,DVLMTQSPLSLPVTPGEPASISCRSSRNIVHINGDTYLEWYLQKPGQSPQLLIYKVSNRFSGVPDRFSGSGSGTDFTLKISRVEAEDVGVYYCFQGSLLPWTFGQGTKVEIK,0,0,specific,0,119,112,2,1,3,119,-0.1673931490159074,1.499043101359527,0.1773898489505351,-0.2825766074832624,-0.0648916043878554,False,False,False,False,False,False,False,False,False,0.0,-0.5117615211688626,9.641,68.5,False,,0,0,0.6891206956034861,0.3108793043965139
natalizumab,QVQLVQSGAEVKKPGASVKVSCKASGFNIKDTYIHWVRQAPGQRLEWMGRIDPANGYTKYDPKFQGRVTITADTSASTAYMELSSLRSEDTAVYYCAREGYYGNYGVYAMDYWGQGTLVTVSS,DIQMTQSPSSLSASVGDRVTITCKTSQDINKYMAWYQQTPGKAPRLLIHYTSALQPGIPSRFSGSGSGRDYTFTISSLQPEDIATYYCLQYDNLWTFGQGTKVEIK,0,0,specific,0,123,106,3,2,5,123,1.1058924434985216,-1.1223991060430638,0.6152030931688771,0.1790978498133354,0.5623939046947474,False,False,False,False,False,False,True,True,True,0.0,0.8228838815638237,9.7,79.5,False,,0,1,0.38642986985438166,0.6135701301456183
necitumumab,QVQLQESGPGLVKPSQTLSLTCTVSGGSISSGDYYWSWIRQPPGKGLEWIGYIYYSGSTDYNPSLKSRVTMSVDTSKNQFSLKVNSVTAADTAVYYCARVSIFGVGTFDYWGQGTLVTVSS,EIVMTQSPATLSLSPGERATLSCRASQSVSSYLAWYQQKPGQAPRLLIYDASNRATGIPARFSGSGSGTDFTLTISSLEPEDFAVYYCHQYGSTPLTFGGGTKAEIK,0,0,specific,0,121,107,1,1,2,121,0.4692496472413071,-0.6854920714759655,-0.2604233952678069,-0.2825766074832624,-0.3785343589291569,False,False,False,False,False,False,False,False,False,0.0,1.3005776956421913,10.807,76.5,False,,0,0,0.6454496518939479,0.3545503481060522
nimotuzumab,QVQLQQSGAEVKKPGSSVKVSCKASGYTFTNYYIYWVRQAPGQGLEWIGGINPTSGGSNFNEKFKTRVTITADESSTTAYMELSSLRSEDTAFYFCTRQGLWFDSDGRGFDFWGQGTTVTVSS,DIQMTQSPSSLSASVGDRVTITCRSSQNIVHSNGNTYLDWYQQTPGKAPKLLIYKVSNRFSGVPSRFSGSGSGTDFTFTISSLQPEDIATYYCFQYSHVPWTFGQGTKLQIT,0,1,specific,0,123,112,0,4,4,123,1.1058924434985216,1.499043101359527,-0.6982366394861489,1.1024467644065312,0.2487511501534459,False,False,False,False,False,False,False,False,False,0.0,-0.5855046313570632,25.0,65.5,False,,0,0,0.504748643662082,0.495251356337918
ocrelizumab,EVQLVESGGGLVQPGGSLRLSCAASGYTFTSYNMHWVRQAPGKGLEWVGAIYPGNGDTSYNQKFKGRFTISVDKSKNTLYLQMNSLRAEDTAVYYCARVVYYSNSYWYFDVWGQGTLVTVSS,DIQMTQSPSSLSASVGDRVTITCRASSSVSYMHWYQQKPGKAPKPLIYAPSNLASGVPSRFSGSGSGTDFTLTISSLQPEDFATYYCQQWSFNPPTFGQGTKVEIK,0,2,specific,0,122,106,3,3,6,122,0.7875710453699143,-1.1223991060430638,0.6152030931688771,0.6407723071099333,0.8760366592360488,False,False,False,False,False,False,False,False,False,0.0,17.8819936959764,9.911,70.5,False,,0,0,0.6457490411035975,0.3542509588964024
ofatumumab,EVQLVESGGGLVQPGRSLRLSCAASGFTFNDYAMHWVRQAPGKGLEWVSTISWNSGSIGYADSVKGRFTISRDNAKKSLYLQMNSLRAEDTALYYCAKDIQYGNYYYGMDVWGQGTTVTVSS,EIVLTQSPATLSLSPGERATLSCRASQSVSSYLAWYQQKPGQAPRLLIYDASNRATGIPARFSGSGSGTDFTLTISSLEPEDFAVYYCQQRSNWPITFGQGTRLEIK,0,0,specific,0,122,107,2,1,3,122,0.7875710453699143,-0.6854920714759655,0.1773898489505351,-0.2825766074832624,-0.0648916043878554,False,False,False,False,False,False,False,False,False,0.0,1.2096991584336332,9.729,68.0,False,,0,0,0.8381536705784216,0.16184632942157845
olokizumab,EVQLVESGGGLVQPGGSLRLSCAASGFNFNDYFMNWVRQAPGKGLEWVAQMRNKNYQYGTYYAESLEGRFTISRDDSKNSLYLQMNSLKTEDTAVYYCARESYYGFTSYWGQGTLVTVSS,DIQMTQSPSSLSASVGDRVTITCQASQDIGISLSWYQQKPGKAPKLLIYNANNLADGVPSRFSGSGSGTDFTLTISSLQPEDFATYYCLQHNSAPYTFGQGTKLEIK,0,0,specific,0,120,107,-1,0,-1,120,0.1509282491126998,-0.6854920714759655,-1.136049883704491,-0.7442510647798602,-1.319462622553061,False,False,False,False,False,False,False,False,False,0.0,-0.5026150619501847,9.908,69.0,False,,0,0,0.7632992931449359,0.23670070685506403
omalizumab,EVQLVESGGGLVQPGGSLRLSCAVSGYSITSGYSWNWIRQAPGKGLEWVASITYDGSTNYNPSLKGRITISRDDSKNTFYLQMNSLRAEDTAVYYCARGSHYFGHWHFAVWGQGTLVTVSS,DIQLTQSPSSLSASVGDRVTITCRASQSVDYDGDSYMNWYQQKPGKAPKLLIYAASYLESGVPSRFSGSGSGTDFTLTISSLQPEDFATYYCQQSHEDPYTFGQGTKVEIK,0,0,specific,0,121,111,4,-3,1,121,0.4692496472413071,1.0621360667924284,1.053016337387219,-2.1292744366696534,-0.6921771134704583,False,False,False,False,False,False,False,False,False,0.0,-0.4382784241093604,9.519,77.5,False,,0,0,0.6184730152133069,0.38152698478669306
onartuzumab,EVQLVESGGGLVQPGGSLRLSCAASGYTFTSYWLHWVRQAPGKGLEWVGMIDPSNSDTRFNPNFKDRFTISADTSKNTAYLQMNSLRAEDTAVYYCATYRSYVTPLDYWGQGTLVTVSS,DIQMTQSPSSLSASVGDRVTITCKSSQSLLYTSSQKNYLAWYQQKPGKAPKLLIYWASTRESGVPSRFSGSGSGTDFTLTISSLQPEDFATYYCQQYYAYPWTFGQGTKVEIK,0,0,specific,0,119,113,0,3,3,119,-0.1673931490159074,1.9359501359266251,-0.6982366394861489,0.6407723071099333,-0.0648916043878554,False,False,False,False,False,False,False,False,False,0.0,-0.0466620425648519,9.919,80.0,False,,0,0,0.5697469026246456,0.4302530973753544
otelixizumab,EVQLLESGGGLVQPGGSLRLSCAASGFTFSSFPMAWVRQAPGKGLEWVSTISTSGGRTYYRDSVKGRFTISRDNSKNTLYLQMNSLRAEDTAVYYCAKFRQYSGGFDYWGQGTLVTVSS,DIQLTQPNSVSTSLGSTVKLSCTLSSGNIENNYVHWYQLYEGRSPTTMIYDDDKRPDGVPDRFSGSIDRSSNSAFLTIHNVAIEDEAIYFCHSYVSSFNVFGGGTKLTVL,0,1,specific,0,119,110,4,-2,2,119,-0.1673931490159074,0.6252290322253299,1.053016337387219,-1.6675999793730558,-0.3785343589291569,False,False,False,False,False,False,False,False,False,0.0,4.438287496308697,9.082,75.5,False,,0,1,0.3219442950153336,0.6780557049846664
otlertuzumab,EVQLVQSGAEVKKPGESLKISCKGSGYSFTGYNMNWVRQMPGKGLEWMGNIDPYYGGTTYNRKFKGQVTISADKSISTAYLQWSSLKASDTAMYYCARSVGPFDSWGQGTLVTVSS,EIVLTQSPATLSLSPGERATLSCRASENVYSYLAWYQQKPGQAPRLLIYFAKTLAEGIPARFSGSGSGTDFTLTISSLEPEDFAVYYCQHHSDNPWTFGQGTKVEIK,0,0,specific,0,116,107,4,0,4,116,-1.122357343401729,-0.6854920714759655,1.053016337387219,-0.7442510647798602,0.2487511501534459,False,False,False,False,False,False,False,False,False,0.0,2.2609834310984502,10.959,68.5,False,,0,0,0.6094730970546292,0.3905269029453708
palivizumab,QVTLRESGPALVKPTQTLTLTCTFSGFSLSTSGMSVGWIRQPPGKALEWLADIWWDDKKDYNPSLKSRLTISKDTSKNQVVLKVTNMDPADTATYYCARSMITNWYFDVWGAGTTVTVSS,DIQMTQSPSTLSASVGDRVTITCKCQLSVGYMHWYQQKPGKAPKLLIYDTSKLASGVPSRFSGSGSGTEFTLTISSLQPDDFATYYCFQGSGYPFTFGGGTKLEIK,0,0,specific,0,120,106,2,3,5,120,0.1509282491126998,-1.1223991060430638,0.1773898489505351,0.6407723071099333,0.5623939046947474,False,False,False,False,False,False,False,False,False,0.0,-0.852684669073482,9.332,79.5,False,,0,1,0.28736877672094985,0.7126312232790502
panitumumab,QVQLQESGPGLVKPSETLSLTCTVSGGSVSSGDYYWTWIRQSPGKGLEWIGHIYYSGNTNYNPSLKSRLTISIDTSKTQFSLKLSSVTAADTAIYYCVRDRVTGAFDIWGQGTMVTVSS,DIQMTQSPSSLSASVGDRVTITCQASQDISNYLNWYQQKPGKAPKLLIYDASNLETGVPSRFSGSGSGTDFTFTISSLQPEDIATYFCQHFDHLPLAFGGGTKVEIK,0,0,specific,0,119,107,2,-1,1,119,-0.1673931490159074,-0.6854920714759655,0.1773898489505351,-1.205925522076458,-0.6921771134704583,False,False,False,False,True,False,False,True,True,0.0,-1.0846051804108647,9.479,78.5,False,,0,0,0.7278310697168108,0.2721689302831892
panobacumab,EEQVVESGGGFVQPGGSLRLSCAASGFTFSPYWMHWVRQAPGKGLVWVSRINSDGSTYYADSVKGRFTISRDNARNTLYLQMNSLRAEDTAVYYCARDRYYGPEMWGQGTMVTVSS,DVVMTQSPLSLPVTLGQPASISCRSSQSLVYSDGNTYLNWFQQRPGQSPRRLIYKVSNRDSGVPDRFSGSGSGTDFTLKISRVEAEDVGVYYCMQGTHWPLTFGGGTKVEIK,0,0,specific,0,116,112,2,3,5,116,-1.122357343401729,1.499043101359527,0.1773898489505351,0.6407723071099333,0.5623939046947474,False,False,False,False,False,False,False,False,False,0.0,-0.4155766600895652,9.827,69.0,False,,0,0,0.5192204407726064,0.48077955922739357
parsatuzumab,EVQLVESGGGLVQPGGSLRLSCAASGYTFIDYYMNWVRQAPGKGLEWVGDINLDNSGTHYNQKFKGRFTISRDKSKNTAYLQMNSLRAEDTAVYYCAREGVYHDYDDYAMDYWGQGTLVTVSS,DIQMTQSPSSLSASVGDRVTITCRTSQSLVHINAITYLHWYQQKPGKAPKLLIYRVSNRFSGVPSRFSGSGSGTDFTLTISSLQPEDFATYYCGQSTHVPLTFGQGTKVEIK,6,9,non_specific,1,123,112,-1,7,6,123,1.1058924434985216,1.499043101359527,-1.136049883704491,2.4874701362963245,0.8760366592360488,False,False,False,False,False,False,False,False,False,0.1344436107271991,7.400358629404036,9.109,64.5,False,,1,0,0.9002176746917794,0.09978232530822062
patritumab,QVQLQQWGAGLLKPSETLSLTCAVYGGSFSGYYWSWIRQPPGKGLEWIGEINHSGSTNYNPSLKSRVTISVETSKNQFSLKLSSVTAADTAVYYCARDKWTWYFDLWGRGTLVTVSS,DIEMTQSPDSLAVSLGERATINCRSSQSVLYSSSNRNYLAWYQQNPGQPPKLLIYWASTRESGVPDRFSGSGSGTDFTLTISSLQAEDVAVYYCQQYYSTPRTFGQGTKVEIK,4,6,non_specific,1,117,113,4,-1,3,117,-0.8040359452731219,1.9359501359266251,1.053016337387219,-1.205925522076458,-0.0648916043878554,False,False,False,False,False,False,False,False,False,0.520072725150479,13.086408099747162,10.15,71.5,False,,1,1,0.42084028425783737,0.5791597157421626
pertuzumab,EVQLVESGGGLVQPGGSLRLSCAASGFTFTDYTMDWVRQAPGKGLEWVADVNPNSGGSIYNQRFKGRFTLSVDRSKNTLYLQMNSLRAEDTAVYYCARNLGPSFYFDYWGQGTLVTVSS,DIQMTQSPSSLSASVGDRVTITCKASQDVSIGVAWYQQKPGKAPKLLIYSASYRYTGVPSRFSGSGSGTDFTLTISSLQPEDFATYYCQQYYIYPYTFGQGTKVEIK,0,0,specific,0,119,107,0,2,2,119,-0.1673931490159074,-0.6854920714759655,-0.6982366394861489,0.1790978498133354,-0.3785343589291569,False,False,False,False,False,False,False,False,False,0.0,-0.2038247903172226,10.112,78.5,False,,0,0,0.7787790642646348,0.2212209357353652
polatuzumab,EVQLVESGGGLVQPGGSLRLSCAASGYTFSSYWIEWVRQAPGKGLEWIGEILPGGGDTNYNEIFKGRATFSADTSKNTAYLQMNSLRAEDTAVYYCTRRVPIRLDYWGQGTLVTVSS,DIQLTQSPSSLSASVGDRVTITCKASQSVDYEGDSFLNWYQQKPGKAPKLLIYAASNLESGVPSRFSGSGSGTDFTLTISSLQPEDFATYYCQQSNEDPLTFGQGTKVEIK,0,0,specific,0,117,111,-1,-4,-5,117,-0.8040359452731219,1.0621360667924284,-1.136049883704491,-2.5909488939662513,-2.574033640718267,False,False,True,True,False,False,False,False,True,0.0,-1.0031675074379405,8.763,74.0,False,,0,1,0.4320735035469121,0.5679264964530879
ponezumab,QVQLVQSGAEVKKPGASVKVSCKASGYYTEAYYIHWVRQAPGQGLEWMGRIDPATGNTKYAPRLQDRVTMTRDTSTSTVYMELSSLRSEDTAVYYCASLYSLPVYWGQGTTVTVSS,DVVMTQSPLSLPVTLGQPASISCKSSQSLLYSDAKTYLNWFQQRPGQSPRRLIYQISRLDPGVPDRFSGSGSGTDFTLKISRVEAEDVGVYYCLQGTHYPVLFGQGTRLEIK,4,6,non_specific,1,116,112,3,3,6,116,-1.122357343401729,1.499043101359527,0.6152030931688771,0.6407723071099333,0.8760366592360488,False,False,False,False,False,False,False,False,False,0.0743593405423292,-0.2399076202624778,10.499,61.0,False,,1,1,0.2686028450537976,0.7313971549462024
robatumumab,EVQLVQSGGGLVKPGGSLRLSCAASGFTFSSFAMHWVRQAPGKGLEWISVIDTRGATYYADSVKGRFTISRDNAKNSLYLQMNSLRAEDTAVYYCARLGNFYYGMDVWGQGTTVTVSS,EIVLTQSPGTLSVSPGERATLSCRASQSIGSSLHWYQQKPGQAPRLLIKYASQSLSGIPDRFSGSGSGTDFTLTISRLEPEDFAVYYCHQSSRLPHTFGQGTKVEIK,4,7,non_specific,1,118,107,4,5,9,118,-0.4857145471445147,-0.6854920714759655,1.053016337387219,1.564121221703129,1.816964922859953,False,False,False,False,False,True,False,True,True,0.2666565076523404,29.64509490013043,9.507,80.0,False,,1,1,0.3816519960398851,0.6183480039601149
romosozumab,EVQLVQSGAEVKKPGASVKVSCKASGYTFTDYNMHWVRQAPGQGLEWMGEINPNSGGAGYNQKFKGRVTMTTDTSTSTAYMELRSLRSDDTAVYYCARLGYDDIYDDWYFDVWGQGTTVTVSS,DIQMTQSPSSLSASVGDRVTITCRASQDISNYLNWYQQKPGKAPKLLIYYTSRLLSGVPSRFSGSGSGTDFTLTISSLQPEDFATYYCQQGDTLPYTFGGGTKVEIK,0,0,specific,0,123,107,-2,1,-1,123,1.1058924434985216,-0.6854920714759655,-1.573863127922833,-0.2825766074832624,-1.319462622553061,False,False,False,False,False,False,False,False,False,0.0,-1.019466113704991,9.18,76.0,False,,0,0,0.8650622895302849,0.13493771046971517
sarilumab,EVQLVESGGGLVQPGRSLRLSCAASRFTFDDYAMHWVRQAPGKGLEWVSGISWNSGRIGYADSVKGRFTISRDNAENSLFLQMNGLRAEDTALYYCAKGRDSFDIWGQGTMVTVSS,DIQMTQSPSSVSASVGDRVTITCRASQGISSWLAWYQQKPGKAPKLLIYGASSLESGVPSRFSGSGSGTDFTLTISSLQPEDFASYYCQQANSFPYTFGQGTKLEIK,0,0,specific,0,116,107,1,1,2,116,-1.122357343401729,-0.6854920714759655,-0.2604233952678069,-0.2825766074832624,-0.3785343589291569,False,False,False,False,False,False,False,False,False,0.0,1.1138239186948329,8.989,64.0,False,,0,0,0.6999630525345617,0.30003694746543835
secukinumab,EVQLVESGGGLVQPGGSLRLSCAASGFTFSNYWMNWVRQAPGKGLEWVAAINQDGSEKYYVGSVKGRFTISRDNAKNSLYLQMNSLRVEDTAVYYCVRDYYDILTDYYIHYWYFDLWGRGTLVTVSS,EIVLTQSPGTLSLSPGERATLSCRASQSVSSSYLAWYQQKPGQAPRLLIYGASSRATGIPDRFSGSGSGTDFTLTISRLEPEDFAVYYCQQYGSSPCTFGQGTRLEIK,0,0,specific,0,127,108,0,1,1,127,2.3791780360129504,-0.248585036908867,-0.6982366394861489,-0.2825766074832624,-0.6921771134704583,False,False,False,False,False,False,False,False,False,0.0,-0.5847129696615325,11.389,72.0,False,,0,0,0.5380045077120039,0.461995492287996
seribantumab,EVQLLESGGGLVQPGGSLRLSCAASGFTFSHYVMAWVRQAPGKGLEWVSSISSSGGWTLYADSVKGRFTISRDNSKNTLYLQMNSLRAEDTAVYYCTRGLKMATIFDYWGQGTLVTVSS,QSALTQPASVSGSPGQSITISCTGTSSDVGSYNVVSWYQQHPGKAPKLIIYEVSQRPSGVSNRFSGSKSGNTASLTISGLQTEDEADYYCCSYAGSSIFVIFGGGTKVTVL,0,3,specific,0,119,111,3,1,4,119,-0.1673931490159074,1.0621360667924284,0.6152030931688771,-0.2825766074832624,0.2487511501534459,False,False,False,False,False,False,False,False,False,0.0,21.20826376243033,10.418,77.5,False,,0,1,0.3407075651578113,0.6592924348421887
siltuximab,EVQLVESGGKLLKPGGSLKLSCAASGFTFSSFAMSWFRQSPEKRLEWVAEISSGGSYTYYPDTVTGRFTISRDNAKNTLYLEMSSLRSEDTAMYYCARGLWGYYALDYWGQGTSVTVSS,QIVLIQSPAIMSASPGEKVTMTCSASSSVSYMYWYQQKPGSSPRLLIYDTSNLASGVPVRFSGSGSGTSYSLTISRMEAEDAATYYCQQWSGYPYTFGGGTKLEIK,0,0,specific,0,119,106,0,1,1,119,-0.1673931490159074,-1.1223991060430638,-0.6982366394861489,-0.2825766074832624,-0.6921771134704583,False,False,False,False,False,False,False,False,False,0.0,2.63765782682196,10.999,64.5,False,,0,1,0.44133476263817584,0.5586652373618242
simtuzumab,QVQLVQSGAEVKKPGASVKVSCKASGYAFTYYLIEWVRQAPGQGLEWIGVINPGSGGTNYNEKFKGRATITADKSTSTAYMELSSLRSEDTAVYFCARNWMNFDYWGQGTTVTVSS,DIVMTQTPLSLSVTPGQPASISCRSSKSLLHSNGNTYLYWFLQKPGQSPQFLIYRMSNLASGVPDRFSGSGSGTDFTLKISRVEAEDVGVYYCMQHLEYPYTFGGGTKVEIK,6,9,non_specific,1,116,112,2,3,5,116,-1.122357343401729,1.499043101359527,0.1773898489505351,0.6407723071099333,0.5623939046947474,False,False,False,False,False,False,False,False,False,0.3368752194611134,0.8806858247165398,10.407,66.5,False,,1,1,0.3959033226734082,0.6040966773265918
sirukumab,EVQLVESGGGLVQPGGSLRLSCAASGFTFSPFAMSWVRQAPGKGLEWVAKISPGGSWTYYSDTVTGRFTISRDNAKNSLYLQMNSLRAEDTAVYYCARQLWGYYALDIWGQGTTVTVSS,EIVLTQSPATLSLSPGERATLSCSASISVSYMYWYQQKPGQAPRLLIYDMSNLASGIPARFSGSGSGTDFTLTISSLEPEDFAVYYCMQWSGYPYTFGGGTKVEIK,5,8,non_specific,1,119,106,1,-2,-1,119,-0.1673931490159074,-1.1223991060430638,-0.2604233952678069,-1.6675999793730558,-1.319462622553061,False,False,False,False,False,False,False,False,False,0.3598739363069841,29.64509490013043,11.26,68.0,False,,1,1,0.28065549948326085,0.7193445005167391
tabalumab,QVQLQQWGAGLLKPSETLSLTCAVYGGSFSGYYWSWIRQPPGKGLEWIGEINHSGSTNYNPSLKSRVTISVDTSKNQFSLKLSSVTAADTAVYYCARGYYDILTGYYYYFDYWGQGTLVTVSS,EIVLTQSPATLSLSPGERATLSCRASQSVSRYLAWYQQKPGQAPRLLIYDASNRATGIPARFSGSGSGTDSTLTISSLEPEDFAVYYCQQRSNWPRTFGQGTKVEIK,0,0,specific,0,123,107,2,3,5,123,1.1058924434985216,-0.6854920714759655,0.1773898489505351,0.6407723071099333,0.5623939046947474,False,False,False,False,False,True,False,True,True,0.0,1.9553606921790136,10.847,64.0,False,,0,1,0.4923210587671061,0.5076789412328939
tildrakizumab,QVQLVQSGAEVKKPGASVKVSCKASGYIFITYWMTWVRQAPGQGLEWMGQIFPASGSADYNEKFEGRVTMTTDTSTSTAYMELRSLRSDDTAVYYCARGGGGFAYWGQGTLVTVSS,DIQMTQSPSSLSASVGDRVTITCRTSENIYSYLAWYQQKPGKAPKLLIYNAKTLAEGVPSRFSGSGSGTDFTLTISSLQPEDFATYYCQHHYGIPFTFGQGTKVEIK,0,0,specific,0,116,107,1,3,4,116,-1.122357343401729,-0.6854920714759655,-0.2604233952678069,0.6407723071099333,0.2487511501534459,False,False,False,False,False,False,False,False,False,0.0,0.8149033177938515,11.079,77.5,False,,0,0,0.5367431488851353,0.4632568511148647
tocilizumab,QVQLQESGPGLVRPSQTLSLTCTVSGYSITSDHAWSWVRQPPGRGLEWIGYISYSGITTYNPSLKSRVTMLRDTSKNQFSLRLSSVTAADTAVYYCARSLARTTAMDYWGQGSLVTVSS,DIQMTQSPSSLSASVGDRVTITCRASQDISSYLNWYQQKPGKAPKLLIYYTSRLHSGVPSRFSGSGSGTDFTFTISSLQPEDIATYYCQQGNTLPYTFGQGTKVEIK,0,0,specific,0,119,107,5,3,8,119,-0.1673931490159074,-0.6854920714759655,1.490829581605561,0.6407723071099333,1.5033221683186515,False,False,False,False,False,False,False,False,False,0.0,1.3182827059504585,9.088,91.5,False,,0,1,0.18332581133781456,0.8166741886621854
tovetumab,QVQLVESGGGLVKPGGSLRLSCAASGFTFSDYYMNWIRQAPGKGLEWVSYISSSGSIIYYADSVKGRFTISRDNAKNSLYLQMNSLRAEDTAVYYCAREGRIAARGMDVWGQGTTVTVSS,DIQMTQSPSSLSASVGDRVSITCRPSQSFSRYINWYQQKPGKAPKLLIHAASSLVGGVPSRFSGSGSGTDFTLTISSLQPEDFATYYCQQTYSNPPITFGQGTRLEMK,0,0,specific,0,120,108,3,4,7,120,0.1509282491126998,-0.248585036908867,0.6152030931688771,1.1024467644065312,1.18967941377735,False,False,False,False,False,False,False,False,False,0.0,2.24515352101381,8.673,63.5,False,,0,0,0.5495227715663165,0.45047722843368354
trastuzumab,EVQLVESGGGLVQPGGSLRLSCAASGFNIKDTYIHWVRQAPGKGLEWVARIYPTNGYTRYADSVKGRFTISADTSKNTAYLQMNSLRAEDTAVYYCSRWGGDGFYAMDYWGQGTLVTVSS,DIQMTQSPSSLSASVGDRVTITCRASQDVNTAVAWYQQKPGKAPKLLIYSASFLYSGVPSRFSGSRSGTDFTLTISSLQPEDFATYYCQQHYTTPPTFGQGTKVEIK,0,0,specific,0,120,107,2,3,5,120,0.1509282491126998,-0.6854920714759655,0.1773898489505351,0.6407723071099333,0.5623939046947474,False,False,False,False,True,False,False,True,True,0.0,2.0381268958261267,9.657,78.5,False,,0,1,0.4591596955906717,0.5408403044093283
urelumab,QVQLQQWGAGLLKPSETLSLTCAVYGGSFSGYYWSWIRQSPEKGLEWIGEINHGGYVTYNPSLESRVTISVDTSKNQFSLKLSSVTAADTAVYYCARDYGPGNYDWYFDLWGRGTLVTVSS,EIVLTQSPATLSLSPGERATLSCRASQSVSSYLAWYQQKPGQAPRLLIYDASNRATGIPARFSGSGSGTDFTLTISSLEPEDFAVYYCQQRSNWPPALTFGGGTKVEIK,0,2,specific,0,121,109,-1,1,0,121,0.4692496472413071,0.1883219976582314,-1.136049883704491,-0.2825766074832624,-1.0058198680117596,False,False,False,False,False,False,False,False,False,0.0,29.64509490013043,11.161,66.0,False,,0,0,0.5854791857037707,0.41452081429622933
vedolizumab,QVQLVQSGAEVKKPGASVKVSCKGSGYTFTSYWMHWVRQAPGQRLEWIGEIDPSESNTNYNQKFKGRVTLTVDISASTAYMELSSLRSEDTAVYYCARGGYDGWDYAIDYWGQGTLVTVSS,DVVMTQSPLSLPVTPGEPASISCRSSQSLAKSYGNTYLSWYLQKPGQSPQLLIYGISNRFSGVPDRFSGSGSGTDFTLKISRVEAEDVGVYYCLQGTHQPYTFGQGTKVEIK,0,0,specific,0,121,112,0,2,2,121,0.4692496472413071,1.499043101359527,-0.6982366394861489,0.1790978498133354,-0.3785343589291569,False,False,False,False,False,False,False,False,False,0.0,0.3881784429681827,10.942,80.5,False,,0,0,0.7114767983750523,0.2885232016249477
veltuzumab,QVQLQQSGAEVKKPGSSVKVSCKASGYTFTSYNMHWVKQAPGQGLEWIGAIYPGMGDTSYNQKFKGKATLTADESTNTAYMELSSLRSEDTAFYYCARSTYYGGDWYFDVWGQGTTVTVSS,DIQLTQSPSSLSASVGDRVTMTCRASSSVSYIHWFQQKPGKAPKPWIYATSNLASGVPVRFSGSGSGTDYTFTISSLQPEDIATYYCQQWTSNPPTFGGGTKLEIK,0,0,specific,0,121,106,1,3,4,121,0.4692496472413071,-1.1223991060430638,-0.2604233952678069,0.6407723071099333,0.2487511501534459,False,False,False,False,False,False,False,False,False,0.0,4.831871310872237,11.092,70.0,False,,0,0,0.6976152368310633,0.30238476316893675
